1.380224067933285836e-01,3.031395769785497629e-01,9.079726544659939558e-01,1.797376438466734838e-01,9.829833458783542310e-01,1.252014306376257879e-01,2.758549714744825132e-01,1.183428788147077027e-02,1.000000000000000021e-03,2.220416356837549843e-02,8.571407969785618808e-02,3.409855338418783799e-02,7.930201197852300432e-02,6.680404210679616143e-03,1.834324220974361763e+00,2.980738234068272874e+00,2.534336414383489444e+00,4.377431986518091733e+00,1.282488611641784182e+00,1.289998790210606261e+00,1.041960366876337751e+00,1.447972807972301545e+00,1.776970005061046409e+00,1.949218832505107191e+00,1.180381290522309223e+00,1.500340021030208248e+00,1.585982143543751000e-01,3.018211076045887453e-01,1.486952619353387184e-01,3.809444396930162235e-01
1.470582992557286639e-01,6.028962183182141610e-01,6.382652616311179639e-01,1.571270974587345992e-01,3.996484626827435105e-01,1.000000000000000000e+00,4.150174899218444513e-01,1.000000000000000021e-03,4.866278698912876455e-01,1.000000000000000021e-03,5.456428955522475699e-02,6.514367642029710026e-02,8.324745846455108844e-02,4.588305549422402874e-02,7.442435365765313060e-01,1.360143627825123103e+00,2.495507321402005818e+00,2.418387409814356293e+00,1.915601531205342711e+00,2.000000000000000000e+00,1.335578674470221605e+00,2.000000000000000000e+00,1.868887971299412198e+00,1.628405877808253299e+00,2.000000000000000000e+00,1.560777926516085046e+00,2.759796202326131320e-01,6.569366594295687756e-02,5.000000000000000278e-02,4.373933400373219982e-01
1.201997420230217495e-01,3.306696695033821687e-01,3.948185466347215455e-01,1.577902017079729491e-01,9.965321644513454036e-01,1.184474854391390497e-01,7.456290763200674743e-01,1.122350809732359719e-02,6.176496150337512647e-01,1.000991687670592682e-03,8.295377412574127252e-02,3.869128062524518352e-02,8.518335353831928136e-02,4.760408114712058256e-03,2.750825219391140219e+00,1.092489009156743851e+00,1.410399323435650221e+00,1.710193139863460221e+00,1.774559606200509343e+00,1.491020772043303078e+00,1.421937657216431505e+00,1.752047394026337912e+00,1.920826843593630651e+00,1.274587673787362485e+00,1.000000000000000000e+00,1.139226504812916652e+00,1.438018699681934132e-01,8.786735209065620056e-02,8.509500941296803400e-02,5.019090553236222885e-01
1.992794577412270729e-01,3.421963271539553153e-01,6.142771738092644984e-02,1.867243536897531808e-01,4.187544843291770569e-01,9.493873339542949208e-02,5.004580665553253205e-01,1.182794519065557062e-03,8.426505545804210406e-01,3.812716376200115179e-03,3.599265341867947249e-02,9.436461106678079719e-03,7.413646656658057221e-02,9.800759320482826942e-04,1.728532042250597645e+00,5.321110227027725514e-02,5.872986253883013541e-01,1.384535861780134436e+00,1.720926721827813477e+00,1.367161391776031021e+00,1.043675688869627249e+00,1.732997544962294523e+00,1.952030411725491188e+00,1.610342156580734763e+00,1.209043321506356961e+00,1.594844957562319809e+00,1.092759289860485705e-01,9.878247163892710236e-02,1.121685293136397699e-01,3.630285728579808469e-01
1.354881707795381196e-01,5.066258937331782342e-01,4.850165311123129097e-01,1.606723998143186061e-01,9.460655467755975101e-01,1.606792468207969282e-01,5.438824390648108048e-02,1.000000000000000021e-03,9.917390954484390786e-01,1.188621907626350588e-02,8.893673457367977375e-02,2.307532012952226083e-02,8.091388011695060944e-02,8.432630849836255174e-03,3.956885713603893961e+00,3.105574977102124379e+00,2.599634011165669722e+00,4.514562441491848155e+00,1.387686418604576977e+00,1.398028737281121314e+00,1.344301155350438259e+00,1.395131957379470933e+00,1.696899637697829144e+00,1.235059649639529411e+00,1.095218407203847777e+00,1.170619024437530742e+00,1.318038230228811281e-01,9.259839944925710165e-02,9.938778847474748213e-02,4.386373411770535524e-01
7.117192961468883639e-02,1.729298351046000271e-01,4.895293209788995625e-01,1.926475015249000389e-01,5.401449388286785336e-01,7.811450032554309586e-02,5.213752975708805248e-01,1.676009903911623855e-02,4.595555470574993473e-01,3.503597298196454296e-03,7.102988850199271065e-02,1.227279901707322568e-02,6.997248617597078002e-02,3.603164717360454739e-03,8.296825491432882060e-01,1.138368967102597829e+00,1.742088283696149098e+00,1.917400694665825078e+00,1.672191888313201868e+00,1.999051606897861433e+00,1.222162707294840889e+00,1.632094448823340649e+00,1.037828141889488354e+00,1.745753408651808947e+00,1.197859608648832452e+00,1.329931980770439059e+00,1.645820678176903584e-01,1.928948290173099211e-01,5.590913467626663219e-02,3.581483649795586532e-01
6.551351101570380975e-02,6.081278001613331374e-02,2.730571271712921022e-01,1.744682578090835379e-01,2.723720858717977866e-01,6.176019532512494470e-01,5.524810407991178618e-01,4.727660029096560947e-03,4.113243496343073624e-01,1.458694257481278969e-02,8.351164107203125353e-02,8.420219186690812430e-02,8.996229444832257172e-02,3.130677225832448340e-02,3.494457404115224097e+00,2.558309014336125120e+00,2.725167405861869785e+00,6.151520982955404060e-01,1.345468870075686274e+00,1.392320678909101161e+00,1.908997893413193481e+00,1.810433622896675310e+00,1.594440499027332425e+00,1.422198892499455303e+00,1.801438525654041722e+00,1.249250850166281568e+00,2.213871805112900826e-01,1.129828515456364757e-01,1.390368397512667109e-01,4.792296843645287296e-01
6.775631407159633801e-02,5.448608443202509477e-01,2.549419891094669710e-01,1.664780662720233839e-01,7.764034637567290842e-02,2.778101368664221971e-01,9.703579310038774608e-01,1.000000000000000021e-03,8.777253910065974107e-01,1.000000000000000021e-03,7.471118925991174220e-02,3.374420074004581827e-02,1.000000000000000056e-01,9.548721398470887828e-03,2.407083794073057614e+00,3.165667474816939109e+00,1.285471752001040135e+00,2.810462384563467531e+00,1.121835885051402970e+00,1.637970298526052026e+00,1.305560689864722068e+00,1.080810382728526697e+00,1.338018111219380302e+00,1.189550740177409693e+00,2.000000000000000000e+00,1.185342536513102285e+00,1.908643862658944423e-01,1.337186912112573733e-01,9.298710523652232995e-02,5.600335448969125940e-01
9.377950250260622123e-02,1.000000000000000021e-03,1.000000000000000000e+00,1.587698528852193036e-01,6.604183137066108600e-01,6.764088411521345101e-01,6.856315889789371676e-01,1.000000000000000021e-03,5.697635643205082312e-01,1.000000000000000021e-03,6.608589439648959729e-02,4.364424310095849080e-02,8.867204366295372564e-02,5.430636273075121340e-02,5.819984271423945810e-01,3.507618491581555809e+00,1.623319540458219579e-01,1.330860659436144733e+00,1.125476113408185874e+00,1.256175387190329840e+00,1.482794935305369988e+00,1.445351532180563892e+00,1.747379770450527836e+00,1.926410410448932131e+00,1.455836284654658419e+00,1.102693130053962856e+00,1.045170341378202777e-01,1.471086149869837156e-01,5.000000000000000278e-02,4.967208602176020893e-01
9.377950250260622123e-02,1.000000000000000021e-03,1.000000000000000000e+00,1.587698528852193036e-01,6.604183137066108600e-01,6.764088411521345101e-01,6.856315889789371676e-01,1.000000000000000021e-03,5.697635643205082312e-01,1.000000000000000021e-03,6.608589439648959729e-02,4.364424310095849080e-02,8.867204366295372564e-02,5.430636273075121340e-02,5.819984271423945810e-01,3.507618491581555809e+00,1.623319540458219579e-01,1.330860659436144733e+00,1.125476113408185874e+00,1.256175387190329840e+00,1.482794935305369988e+00,1.445351532180563892e+00,1.747379770450527836e+00,1.926410410448932131e+00,1.455836284654658419e+00,1.102693130053962856e+00,1.045170341378202777e-01,3.690341565336646146e-01,5.000000000000000278e-02,4.967208602176020893e-01
8.460018505677520395e-02,2.285848929248885941e-01,3.906906759800475859e-01,1.909004262808450259e-01,2.358210284775315302e-02,9.983265832451587718e-02,7.060201635468519310e-01,9.772498453017156028e-03,6.246378677208022090e-01,3.099294708450639479e-02,3.925185505454491242e-02,2.532000827908872237e-02,9.695658501243895055e-02,3.473477663993171372e-02,1.865464119832147105e+00,2.374825448371216563e+00,6.492915326771098172e-01,1.488884950101053928e+00,1.643040445910723069e+00,1.705686542045535825e+00,1.413448388808682621e+00,1.443302499534967032e+00,1.566417271413672596e+00,1.316219290300691958e+00,1.349191673117783763e+00,1.441863297048850301e+00,1.360624383425917405e-01,2.898318005636263961e-01,1.227525324097506615e-01,4.985904017473956618e-01
6.397799539173318339e-02,1.000000000000000021e-03,2.361225021113808331e-01,1.618780355434785712e-01,8.675043581455451625e-01,5.906943428893047798e-01,3.042477167987243658e-01,1.000000000000000021e-03,6.645464391335530463e-01,1.000000000000000021e-03,6.308164622786448239e-02,1.468843655844040072e-02,7.144548395980854227e-02,8.041974602005008688e-02,4.875797001827003818e+00,2.334188449120581765e+00,5.434601193085469850e-01,4.478582409045055002e+00,1.473330858047694480e+00,1.935661433845837331e+00,1.920760304280606512e+00,1.616177130156107422e+00,2.000000000000000000e+00,1.094442147317911118e+00,1.145742685749074452e+00,2.000000000000000000e+00,1.000000000000000056e-01,2.499221147600969584e-01,2.711403284760053323e-01,4.464709585570224570e-01
1.833119289964443566e-01,4.302882275923780586e-01,2.801674336974683266e-01,1.921675604131685144e-01,8.706752307705241112e-01,1.000000000000000000e+00,2.130481688727310918e-01,1.000000000000000021e-03,1.209043232627263209e-02,1.000000000000000021e-03,5.306079248208984966e-02,8.854789788074127199e-02,9.468975179186450708e-02,8.195136607467667922e-02,2.236506805250208174e+00,2.245492779494624447e-01,2.162506600487013486e+00,3.400756088416615475e-01,1.000000000000000000e+00,1.350546727832713234e+00,1.879051492776733001e+00,1.880830552894273255e+00,1.992859084638766154e+00,1.913084919728882394e+00,1.580719872231404644e+00,1.051618016364300079e+00,1.125149307042571517e-01,1.484181690854998459e-01,5.829810561882899783e-02,4.463692262689727963e-01
1.162252145693871280e-01,1.000000000000000000e+00,2.275654579945527722e-01,1.797915694542544518e-01,1.984885815812591492e-01,1.709340401677354460e-01,1.000000000000000000e+00,1.000000000000000021e-03,8.944762500165406305e-01,4.311936904079056998e-02,4.484994208510066638e-02,1.423949706770525486e-02,4.859759944529015718e-02,5.537818427704172680e-02,1.764882096104063658e+00,4.551174639597409310e+00,1.859050572565509096e+00,1.493195192625908163e+00,1.218210579753728373e+00,1.788142020993038983e+00,1.000000000000000000e+00,1.441282870503747926e+00,1.358388732911426811e+00,1.401267822242064698e+00,1.533437244075371186e+00,2.000000000000000000e+00,2.312993255895904043e-01,2.218627739893714312e-01,2.593485379328780427e-01,4.680852326847443901e-01
1.426923308003049118e-01,2.268903853246975744e-02,7.689070927847392323e-01,1.944429175514827690e-01,8.139210422410421142e-01,4.030599912961377318e-01,8.438076106329421844e-01,1.000000000000000021e-03,4.392715808794267485e-01,8.110017288888302783e-03,6.784450929276800157e-02,3.543128311066130742e-02,7.640775617123489460e-02,6.697171832343895570e-02,0.000000000000000000e+00,2.838710229682974262e+00,1.664058957023284435e-02,3.290489400333118652e+00,1.989628932602644396e+00,1.981053157645678464e+00,1.935719793894397078e+00,1.362486741389511868e+00,1.524551670064586917e+00,1.493065909185522733e+00,1.599704463646667740e+00,1.574555522140453467e+00,3.087499052500916052e-01,2.707263620670530835e-01,2.121616503680394117e-01,4.640761888108630995e-01
9.373859189581325302e-02,6.182643371123113241e-01,5.105906036822308591e-01,1.803796503987941113e-01,3.821665662925511908e-01,2.075256733146568222e-01,9.609523219552602580e-01,1.000000000000000021e-03,1.396780705104127829e-01,2.795172025575823338e-02,5.755243178525958070e-02,6.248739025578890077e-02,7.491486710684169825e-02,2.160868012342891803e-02,4.897589792605822723e+00,7.817210250699830887e-01,2.232462135252279545e+00,4.152842402099424568e+00,1.683422160545361201e+00,1.273722681510339738e+00,1.602021403316292947e+00,1.655962634549098533e+00,1.895785027176082771e+00,1.200223995422462053e+00,1.170970211350070622e+00,1.443360217033127890e+00,4.699999999999999734e-01,2.216012100562637088e-01,5.000000000000000278e-02,4.126567090002784544e-01
8.415508092119616812e-02,4.477715521438507817e-01,9.305121139664781493e-01,1.688133176775632460e-01,1.000000000000000000e+00,6.731164817099435371e-01,2.993668938449731698e-01,1.000000000000000021e-03,3.479839386484624986e-01,1.075528664414493463e-02,9.126982447412504418e-02,8.634907717575987518e-02,8.337970279451673017e-02,8.434050173425455821e-02,2.993678950132748096e+00,1.352018163813718310e+00,3.860261874217648881e+00,1.395561339512943366e+00,1.242742202742568747e+00,1.380238704834593433e+00,1.317063102491252913e+00,1.134630553702818956e+00,1.204087483222523236e+00,1.886708085108961264e+00,1.182144797833412309e+00,1.514149339367653946e+00,1.279166803553091758e-01,1.343011138976352437e-01,2.032937744594167095e-01,5.104595779283855883e-01
6.289146390502882433e-02,5.829824282478637265e-01,6.533160802274062817e-02,1.593605447557948640e-01,1.049768929310492954e-01,1.701540239710612745e-01,5.669616700101088869e-01,1.000000000000000021e-03,1.479355698019155230e-02,1.000000000000000021e-03,5.163378058229436268e-02,2.444674418834249033e-02,9.221455853953658410e-02,1.779772416405873969e-02,1.131287508311678902e+00,1.489311490269361604e+00,2.306415712291860043e+00,1.513966043741053147e+00,1.962740257619360218e+00,1.276165318691872441e+00,1.624115825258646284e+00,1.528997899895311541e+00,1.364051653192525526e+00,1.714471375560113087e+00,1.436848434316213341e+00,1.576183622730106704e+00,1.134073780370401796e-01,1.951260569311174531e-01,7.973661673478188439e-02,4.323899880048147071e-01
8.415508092119616812e-02,4.477715521438507817e-01,9.305121139664781493e-01,1.688133176775632460e-01,1.000000000000000000e+00,6.731164817099435371e-01,2.993668938449731698e-01,1.000000000000000021e-03,3.479839386484624986e-01,1.075528664414493463e-02,9.126982447412504418e-02,8.634907717575987518e-02,8.337970279451673017e-02,8.434050173425455821e-02,2.993678950132748096e+00,1.352018163813718310e+00,3.860261874217648881e+00,1.395561339512943366e+00,1.242742202742568747e+00,1.380238704834593433e+00,1.317063102491252913e+00,1.134630553702818956e+00,1.204087483222523236e+00,1.886708085108961264e+00,1.828561039834413871e+00,1.433372057143918354e+00,1.279166803553091758e-01,1.343011138976352437e-01,2.032937744594167095e-01,5.104595779283855883e-01
1.125705448762866767e-01,3.732694498231596825e-01,1.738903381950135385e-01,1.624910329450176827e-01,7.625530404436804410e-01,3.746245589188883507e-01,5.482330882729140598e-01,1.464876250968727076e-03,1.000000000000000021e-03,1.000000000000000021e-03,1.000000000000000056e-01,9.862521880173041877e-02,7.737071940964901362e-02,8.710495436535931058e-04,3.173192279989377695e+00,1.403057402301741030e+00,1.474260217619109525e+00,3.598795548710127967e+00,1.647566572907440019e+00,1.026595674327425156e+00,2.000000000000000000e+00,1.353455229358282441e+00,1.907268010368541544e+00,1.707644488349058687e+00,1.183843026849868529e+00,1.693454626334482294e+00,1.445381778257678052e-01,9.092697877625648128e-02,1.962588266179411400e-01,5.157529679497334651e-01
8.929955217034422910e-02,8.547895841768163305e-02,9.375084734863456948e-01,1.877404488854234887e-01,9.950293649143061581e-01,5.255214546057079827e-02,3.016934437691654036e-01,1.000000000000000021e-03,9.210906816411590370e-01,2.406071652773058775e-03,8.941855356610360628e-02,8.673012269674436336e-02,8.251641966204127654e-02,8.331556160373654318e-02,3.188252456047988126e+00,1.400767801046830741e+00,2.437173781372908632e+00,1.422183890759147307e+00,1.246787625077820039e+00,1.396362590387227431e+00,1.257594998728937208e+00,1.108579309520964395e+00,1.178856789839821451e+00,1.899330487058808137e+00,1.433121277462503951e+00,1.643273909968089752e+00,1.629456196521048006e-01,1.327226565691028148e-01,6.957995097007776963e-02,5.147132962233239573e-01
1.712829940369644255e-01,1.000000000000000000e+00,7.741832943667812383e-01,1.976056176699916567e-01,1.000000000000000000e+00,8.846081979958976549e-02,2.547053028587278195e-02,1.000000000000000021e-03,9.505958946932375753e-01,1.393348555336575492e-02,4.964120728650274483e-02,5.348573633604639804e-02,8.782704910588638725e-02,3.998856546257650857e-02,1.893448451858207537e+00,4.797918783237309803e+00,2.320490441648816571e+00,2.233395415859638966e+00,1.797516440304094409e+00,1.336451215438008377e+00,1.261975417239280306e+00,1.472560537257446622e+00,1.565940591243263569e+00,1.234840489704421174e+00,1.935530031524492989e+00,1.338552905059725795e+00,1.000000000000000056e-01,2.366524335990321526e-01,5.000000000000000278e-02,3.549999999999999822e-01
1.935469626699097279e-01,2.134549793481719249e-01,8.714249917151256630e-02,1.628761086656294599e-01,2.479129734489051579e-02,2.020860928722995609e-01,4.638284040823424381e-01,1.109346277010545782e-03,4.157150323421191507e-01,2.252183107778787680e-03,9.144285781166738847e-02,1.983330290814564259e-02,9.749583450782657590e-02,7.332173969167314967e-03,4.908765794860570075e+00,3.037768595567939212e+00,4.103109744124394886e+00,2.303862303389016208e+00,1.786821819969925063e+00,1.619744262082558395e+00,1.564223991560317994e+00,1.625942944103872856e+00,1.963220131411791636e+00,1.105654722891986186e+00,1.521902840379893540e+00,1.520334803793897516e+00,1.014886109254954927e-01,1.066593425934222183e-01,1.773148583934415767e-01,4.112990628310334018e-01
1.778062809354552243e-01,1.000000000000000021e-03,5.824970865762243433e-01,1.622907034415827232e-01,5.136477645377663936e-01,3.263246861878540406e-01,1.141574717186770171e-01,1.000000000000000021e-03,3.091323556603102207e-01,1.000000000000000021e-03,4.948994028256559902e-02,9.694177205357122629e-02,7.011245298647629520e-02,4.424484030476416585e-02,1.413969269414190766e+00,2.054667891563622728e+00,6.498965869409663032e-01,3.634551899170837430e+00,1.685901199705774012e+00,1.764641294569052832e+00,1.857382063230977653e+00,1.390296679331801899e+00,1.421347284137081113e+00,1.188051387944083936e+00,1.477056105812172726e+00,1.693393032518217378e+00,1.029222904228244279e-01,3.091994281258091948e-01,6.037446161640138559e-02,4.537268020284754844e-01
7.643318158028535036e-02,8.108570210671586231e-01,4.010442686349819930e-01,1.832126783513561008e-01,9.453873610363198177e-01,4.758139586218901873e-01,6.239141520570677946e-01,2.715746296531906800e-02,7.536891811316006606e-01,2.990769612189593876e-02,4.460398899218590008e-02,3.377657733456503053e-02,6.042958864509393596e-02,1.282974246173916762e-02,1.592856538138966105e+00,1.677261902301621088e+00,1.125248209921346776e+00,9.055042668991891697e-01,1.528774965699137178e+00,1.292017018159968833e+00,1.155263784403057326e+00,1.693250954673888087e+00,1.130489520445816298e+00,1.104206120797721624e+00,1.377827809072722731e+00,1.525308160132172075e+00,1.592531870217090972e-01,8.318948726333573462e-02,1.005900405065670300e-01,4.593904487274196868e-01
9.872001565300114745e-02,1.586725005001733413e-01,1.590344487197893342e-01,1.550457268325876048e-01,5.499511743034215527e-01,1.886339106240667030e-01,5.524534542788490654e-01,1.000000000000000021e-03,1.000000000000000021e-03,1.000000000000000021e-03,4.951640768582370178e-02,3.794602632335165177e-02,8.798907312600828812e-02,2.294850744162105910e-02,1.829206977974580761e+00,6.821074326024140211e-01,1.794075496022720317e+00,4.226275076736072833e+00,1.897505760888450688e+00,1.885333496131759379e+00,1.538379163049320653e+00,1.659125605215875598e+00,1.463662964202342653e+00,1.000277320237780598e+00,1.262145744451848905e+00,1.446211209663144981e+00,1.135420556276846710e-01,9.551388016676956583e-02,9.486797486370601717e-02,4.201144866706020831e-01
1.390962877500270534e-01,1.043389150455151654e-01,4.778337515189931550e-01,1.821251411891540439e-01,8.258779259267570172e-01,1.242976247832808939e-01,9.402186620661183714e-01,1.000000000000000021e-03,8.312383408002718133e-01,2.123721614517969439e-02,4.208051706295563854e-02,3.655383786641600713e-02,9.070415938048176363e-02,7.028843990813339604e-02,1.406348620218575984e+00,1.033034241758107097e+00,2.946045388387798614e+00,4.200321386198879736e+00,1.174456657595382092e+00,1.011315739250717272e+00,1.609757002306972495e+00,1.208395147895282129e+00,1.904034352159093446e+00,1.618061752300022027e+00,1.074349651827019247e+00,1.729141172943398530e+00,1.975006749619393209e-01,1.530609516821029026e-01,8.134251544610823781e-02,4.271744025935202971e-01
7.365463613243006247e-02,1.000000000000000021e-03,9.852794242534387292e-01,1.756366424100384294e-01,1.144533726096818166e-01,4.584434804868200430e-01,4.238108950321699958e-02,1.000000000000000021e-03,9.018770803639942768e-01,1.000000000000000021e-03,8.790581057587414093e-02,0.000000000000000000e+00,9.593152895357384691e-02,0.000000000000000000e+00,3.608616053517834654e+00,1.773467616117379908e+00,1.201777103169860306e+00,2.822883963310839572e+00,1.779530096440382847e+00,1.354871339830404642e+00,1.407523091959873129e+00,1.917396581862454541e+00,1.329418393859969960e+00,1.943443824306260836e+00,1.079341706362892284e+00,1.766024244976256652e+00,1.501680850084712304e-01,1.696607156093162816e-01,5.688240208428252398e-02,7.249999999999999778e-01
6.822914782226514874e-02,3.146083051973065647e-02,5.493448936254160531e-01,1.688157428239785429e-01,5.564794793577917953e-02,1.665101950100067452e-01,3.503934921666664870e-01,1.000000000000000021e-03,8.792069947716203426e-01,1.096928312141725106e-02,7.445331562104401391e-02,3.899683705647166709e-02,9.088307528563031867e-02,0.000000000000000000e+00,1.387074594093725244e+00,3.068150273205191070e+00,3.280406531486676602e+00,2.605683735483813379e+00,1.961002883372304995e+00,1.247011567885620842e+00,1.184846979627236285e+00,1.892651873703661725e+00,1.260560657641445426e+00,1.034027945140029381e+00,1.210925808270717496e+00,1.131468392862265526e+00,1.486330545356499833e-01,1.622640675317223724e-01,3.636920371987121259e-01,4.796186193402761089e-01
1.231767584775717711e-01,4.572019783478083882e-02,9.659684985955541148e-01,1.698755823234726625e-01,1.451145033540908458e-01,5.262316051281256124e-01,7.290525092871777413e-02,1.000000000000000021e-03,8.650384457474931121e-01,2.325653582411854950e-02,8.462558279173293396e-02,4.668538577977587520e-03,9.216913236660999320e-02,4.741571000317272230e-03,3.646627896584445860e+00,1.757000277200483573e+00,3.930201338471556838e+00,2.754559020533861702e+00,1.701118589875754594e+00,1.376877406221010958e+00,1.409614572601644245e+00,1.876393812019059304e+00,1.047913099758622790e+00,1.916291789368271825e+00,1.061560533055140976e+00,1.794042662115360232e+00,1.599814231141259147e-01,1.614475933775016692e-01,5.715788508674499169e-02,6.984690319714218498e-01
7.198667870596110741e-02,6.978715529450330024e-01,9.275731944207710189e-01,1.688225444600574554e-01,2.306068997531688924e-01,4.161105556317343801e-01,1.491941544474478798e-02,1.064218477001858607e-02,9.084267073896047373e-01,1.498902390816022299e-02,4.367231749660160922e-02,9.236744268477917186e-02,9.257712663182893209e-02,4.184689897823912121e-04,7.518307089193199122e-01,3.580900744413733072e-01,3.710839324760544233e-01,3.481138512002774910e-01,1.000000000000000000e+00,1.658866204628296703e+00,2.000000000000000000e+00,1.000000000000000000e+00,1.016050027421689261e+00,1.495601453327556341e+00,1.424145726318835736e+00,1.444371204386595053e+00,1.005587608170256803e-01,1.863945476786291189e-01,2.097695015046200928e-01,4.817359941553739922e-01
1.086644175946256258e-01,8.649215499303768429e-01,1.000000000000000000e+00,1.950971193799863335e-01,9.802048420182790656e-01,8.060871179269007980e-01,1.000000000000000021e-03,1.000000000000000021e-03,5.374466714646537469e-01,2.269712059308936700e-02,8.075699110086570487e-02,1.380905276568047263e-02,6.875069982658724155e-02,6.713900453823880288e-02,4.464533915746603299e+00,3.256539364600927300e+00,2.651999268736359577e-02,2.314978911256061700e+00,1.270601144962728357e+00,1.292686900831551355e+00,1.729817727306311337e+00,1.965909566900296834e+00,1.882677941185990633e+00,1.191770174864363874e+00,1.689304310898107397e+00,1.315348814790360699e+00,1.353495223358323063e-01,2.802858350752462369e-01,5.000000000000000278e-02,5.382029137546576747e-01
1.926379817524761784e-01,1.036833222203904503e-01,7.994820493383367754e-01,1.811920787878830152e-01,7.193108995233816749e-01,1.198720105501665800e-01,1.000000000000000000e+00,1.000000000000000021e-03,4.358964246151527666e-01,9.547187031839196591e-03,9.552684931795746293e-02,2.739883027468686255e-02,6.849012797030042121e-02,1.213059642814974526e-02,3.062447462560115241e+00,1.737843331405838132e+00,1.848584637391706531e+00,2.148560935665984051e+00,1.005722847510544637e+00,1.419555505272556584e+00,2.000000000000000000e+00,1.860867807262399864e+00,1.002219799919789045e+00,2.000000000000000000e+00,1.511947041612748954e+00,1.996094299631933300e+00,1.694205634758865764e-01,3.479744150580115769e-01,1.847027778907292528e-01,3.995292628699803616e-01
1.395344549139971024e-01,5.997764617290974876e-01,7.238550272806912877e-01,1.801469937158345913e-01,2.115872706559848437e-01,7.821707030609992284e-02,1.000000000000000000e+00,1.312477101765416668e-03,9.444973857317036092e-01,1.000000000000000021e-03,1.000000000000000056e-01,0.000000000000000000e+00,7.789163813427162075e-02,9.109049710932870872e-03,2.843922461677911517e+00,2.138986022000289644e+00,1.919472466924848630e+00,2.551977103830625371e+00,1.204991559879073026e+00,1.574087653065254333e+00,2.000000000000000000e+00,2.000000000000000000e+00,1.000000000000000000e+00,1.282888565961156857e+00,1.411529874556402664e+00,1.284341090725004353e+00,1.632272283328573825e-01,3.699999999999999956e-01,1.849461896016777185e-01,3.788385228020785256e-01
8.453080544494623316e-02,7.550117255187193122e-01,4.729630345374828959e-01,1.633188492740565156e-01,2.268960779172279896e-02,8.272229786910351157e-01,2.186797216249686260e-02,5.110976216947281034e-03,3.476871714990059647e-03,1.000000000000000021e-03,9.687411438203853697e-02,3.944519985666156831e-02,6.735371028949589667e-02,4.852128255240985288e-02,4.784537234315088483e+00,9.716511741467448449e-01,1.652787144094358673e-02,3.922881643225513137e+00,1.363602419556316114e+00,1.000864535176934744e+00,1.693759755689959956e+00,1.182438447515018698e+00,1.231275137874744630e+00,1.465858919029504825e+00,1.225329873899006161e+00,1.367289183796120744e+00,1.081259949422376521e-01,1.264705419320995838e-01,1.191772668608250679e-01,4.971773947613982170e-01
1.738023294166878563e-01,3.634001373481277608e-01,4.814761289146296530e-01,1.815936490466857067e-01,1.589307845078351267e-01,3.837175959004099912e-01,1.000000000000000000e+00,2.659833292756435749e-03,5.590195111095820346e-01,3.188337505499716507e-02,4.669012126304107613e-02,5.252606810365366419e-02,5.125191535275983035e-02,4.210023524989039458e-03,4.942378357626115992e+00,3.595107187376384683e+00,1.813211227733619868e-01,6.707436441219052359e-01,1.229988209380139530e+00,1.697913048283541171e+00,1.861881580337670927e+00,1.883396672813695716e+00,1.391179555085647612e+00,1.680328658180003654e+00,1.683936127294177965e+00,1.023440446240463375e+00,1.811283688180852225e-01,1.198321259815719048e-01,5.970480010730472992e-02,6.278712752762909410e-01
5.942781199748900511e-02,1.000000000000000000e+00,7.597091858991686930e-01,1.548514411181061978e-01,6.513409076790187546e-01,1.890051622383405738e-01,6.797735426993513075e-01,3.066578420766859648e-03,8.975714891426643804e-01,1.000000000000000021e-03,7.234637974790726622e-02,6.850009059274285439e-02,8.534242649183521046e-02,1.309331877854465545e-02,3.695948585621425142e+00,1.065538090201492150e-01,2.692258196751377231e+00,3.521257417216599794e+00,1.454684343810820790e+00,1.742893639470997291e+00,1.337596305248265560e+00,2.000000000000000000e+00,1.265961394665835904e+00,1.441559045030258668e+00,1.540441016820207398e+00,1.160911273849172032e+00,2.406448337881505750e-01,6.335710736869659687e-02,1.037393399094186375e-01,4.491620183966233970e-01
1.401659773170008672e-01,4.378518612848583680e-01,3.830162599636272036e-01,1.747382617033426400e-01,5.628428762592957435e-01,1.404221891492372087e-01,2.430923176305583300e-01,7.975406633822196972e-03,6.909825920176039249e-01,1.494147593300889851e-02,5.592378042786132902e-02,4.375019153667385891e-02,6.876774913595024019e-02,5.010123659331695845e-02,1.505422049918601068e+00,3.838010925046750899e+00,1.196479113967936936e+00,3.367028747361818120e+00,1.642237476639735849e+00,1.537518572351057378e+00,1.636695570512638920e+00,1.268248512880732148e+00,1.733852801301998037e+00,1.238607514061169423e+00,1.244032882123007555e+00,1.509551583793851348e+00,1.393802995375506004e-01,1.902163736781393444e-01,3.010535952360097189e-01,3.954757658337664794e-01
6.909341980584358944e-02,8.403583797468355820e-01,9.339182496620171969e-01,1.707453895523826648e-01,9.813975575446962640e-01,6.033566184069143190e-02,3.713206243245283922e-01,8.160437671804087606e-03,9.695299563422585809e-01,2.520126167570910236e-02,9.421843163552934275e-02,9.065911821863403136e-03,9.480391789000740255e-02,8.407840369530984737e-02,2.380932362384004630e+00,4.858312684137469972e+00,3.135571377719623687e+00,3.427891344402220319e+00,1.262736145838764479e+00,1.791761163718567751e+00,1.992214969674871661e+00,1.160779360093799450e+00,1.125489200896562014e+00,1.244308052160410183e+00,1.590999710242295251e+00,1.911681859933080485e+00,1.184121079583906333e-01,8.623290272548093938e-02,5.428570754592864506e-02,3.675370048798422551e-01
1.420300200381885702e-01,1.476245211524030154e-01,5.335839894890266333e-01,1.743754229062107197e-01,7.538247899265848595e-01,2.117774409486071485e-01,6.260108286827221757e-01,1.000000000000000021e-03,4.223871928066352255e-01,1.000000000000000021e-03,5.309984184723327838e-02,8.252573165648816045e-02,8.653280816918637597e-02,3.421582345905463396e-03,3.578181103965283327e+00,7.669905812153422486e-01,1.757174154997717341e+00,8.126815141376306229e-02,1.439251308249298811e+00,1.407950613358095238e+00,1.630216474758811041e+00,1.345394474011637476e+00,1.260568426483771987e+00,1.949127482423725022e+00,1.144501300808003386e+00,1.045837528693195129e+00,1.364892289580173501e-01,1.716000202600020119e-01,1.317580637629711116e-01,4.363890908397151658e-01
1.837901562879665496e-01,9.243520595099199433e-01,2.066232889724438637e-01,1.894599464045864934e-01,3.805304276924870166e-02,8.713382853125137828e-01,3.531810183912758028e-01,1.000000000000000021e-03,9.506673739827162795e-01,1.356631057796685129e-02,3.658978103870645648e-02,5.093531650308427694e-02,8.596401491506486248e-02,3.034712759622203160e-02,9.148061282374471137e-01,2.374973781564742925e+00,3.266719422648415971e+00,2.066254729819408276e+00,1.376237852353658031e+00,1.756720092100295227e+00,1.979530699450661846e+00,1.042291365908919243e+00,1.540315210452228190e+00,1.714587777226444842e+00,1.738368150204171458e+00,1.867069554484232619e+00,1.627867769341663218e-01,1.989182288368062379e-01,5.825222150973773105e-02,4.544965237212663656e-01
1.523533153931790618e-01,2.208063088965190879e-01,4.343483654957281392e-01,1.670225195842668653e-01,7.323017240408398187e-01,9.838929178566813150e-02,4.203417587137401878e-01,1.000000000000000021e-03,1.000000000000000021e-03,1.000000000000000021e-03,1.000000000000000056e-01,5.408753833973400232e-02,1.000000000000000056e-01,7.090756447504316384e-02,1.695918697527490027e+00,2.545900920876308593e+00,3.000176282834104313e+00,3.158862181457156026e+00,1.526624537573570306e+00,1.755680059578573315e+00,1.547165294081709330e+00,1.000000000000000000e+00,1.306844926521181449e+00,1.036830004953319007e+00,2.000000000000000000e+00,1.246171282313476958e+00,1.078201869836190180e-01,8.894157275297114029e-02,5.195611718806580903e-02,3.559024211121363801e-01
7.576266214402434251e-02,4.403114907154822011e-01,3.351047808508006987e-01,1.934732624111676902e-01,3.601342710203857544e-01,9.839716196692409322e-02,8.514881625462796810e-01,4.443107234999355004e-03,6.996014009996662231e-02,3.624990562258947890e-02,8.771235637714604183e-02,8.958568834335853270e-02,7.052116144282684351e-02,2.052180103090874008e-02,2.245474751813776759e+00,1.310774291504408495e+00,2.673254919344122182e+00,7.240143370297346115e-01,1.523946805743027877e+00,1.163842600950280248e+00,1.354638387221840379e+00,1.114076418700569393e+00,1.425630459210996959e+00,1.041149302636348528e+00,1.129286730425933083e+00,1.310720616480070877e+00,1.246558049219374936e-01,1.217230614986536813e-01,5.876461592044926463e-02,3.653519543103917466e-01
1.647758725187911943e-01,8.869417165348916221e-01,4.512263288638947156e-02,1.928290577190879818e-01,7.936111931826186905e-02,1.406236705989422631e-01,6.971674348287431044e-01,8.560334939867081036e-03,2.087394819194667572e-01,4.388558207800168781e-02,8.230042510454643745e-02,2.292881941106482413e-02,5.530439872799026990e-02,3.717948538863437985e-02,1.164159546634736087e+00,1.943911053547936252e+00,1.439252553465137252e+00,3.330590546032093258e+00,1.114300064370380206e+00,1.415717001195517355e+00,1.544142295611605986e+00,1.756968799267503156e+00,1.439030234854269619e+00,1.528023314407247701e+00,1.492839265664072101e+00,1.063429423263083651e+00,1.350095081168427025e-01,1.247421770917451767e-01,1.023508618095372302e-01,3.808658069510329480e-01
7.121417867016055503e-02,9.572851884687632040e-01,1.000000000000000021e-03,1.548397479942414945e-01,1.000000000000000000e+00,7.356529806051170794e-01,6.366927234982844297e-01,1.000000000000000021e-03,7.473922001361341660e-01,1.000000000000000021e-03,4.675826695301138480e-02,2.356660554849802913e-02,6.217830403758639601e-02,6.418990394460764859e-02,6.762504525587580417e-01,0.000000000000000000e+00,8.924080948792314505e-01,6.651952573250036194e-01,1.859089236440856219e+00,1.727662580189426533e+00,1.000000000000000000e+00,1.890208749111714992e+00,1.397936639442822315e+00,1.695920040633978054e+00,2.000000000000000000e+00,1.709451040160584689e+00,2.024947607849013897e-01,3.479759293307621015e-01,6.335235668550959209e-02,7.249999999999999778e-01
9.805009722734968347e-02,7.252849830490497585e-01,6.881735541983697857e-01,1.606279642264181740e-01,2.299190168990203342e-01,4.954087431020178234e-01,6.480780955229532569e-01,1.035855431279289474e-02,7.694547877968993532e-01,1.000000000000000021e-03,9.144353672022903501e-02,2.940043010849526656e-02,9.256093044024037153e-02,5.065296860359398690e-02,1.068356809190111001e+00,2.365897884727185652e+00,5.141745386011766783e-01,3.913332686798514537e+00,1.195194501228526995e+00,1.124342314089830763e+00,1.942150447766122889e+00,1.492441311521317981e+00,1.210801458531510333e+00,1.000000000000000000e+00,1.729184681318336914e+00,1.273641148070017826e+00,2.733791246107259987e-01,1.041594722480364416e-01,8.139463263112314828e-02,4.438236137471046061e-01
7.121417867016055503e-02,9.572851884687632040e-01,1.000000000000000021e-03,1.548397479942414945e-01,1.000000000000000000e+00,7.356529806051170794e-01,6.366927234982844297e-01,1.000000000000000021e-03,7.473922001361341660e-01,1.000000000000000021e-03,4.675826695301138480e-02,2.356660554849802913e-02,7.984076558663617817e-02,6.418990394460764859e-02,6.762504525587580417e-01,0.000000000000000000e+00,8.924080948792314505e-01,1.027774370638301793e+00,1.151410142861857056e+00,1.727662580189426533e+00,1.000000000000000000e+00,1.890208749111714992e+00,1.397936639442822315e+00,1.695920040633978054e+00,2.000000000000000000e+00,1.709451040160584689e+00,4.699999999999999734e-01,3.479759293307621015e-01,6.335235668550959209e-02,6.086133452536568456e-01
7.130025225949843115e-02,7.310937444244168804e-01,5.954955591526787106e-01,1.854103215391305903e-01,1.945836462607876127e-01,7.046501763165958776e-01,7.464917408484073036e-01,1.484982585447550130e-02,2.279309462684626642e-01,5.110683058397136325e-02,4.611899785312028460e-02,0.000000000000000000e+00,5.831825596783115490e-02,1.989048966693901174e-02,4.785686886088907244e+00,4.398629429183593231e+00,1.746868192047957846e+00,3.490094305042202194e+00,1.462398050911268177e+00,2.000000000000000000e+00,1.577132597656122792e+00,1.159740028163933179e+00,1.177777390703276694e+00,1.000574927163923933e+00,1.069376104347848244e+00,1.286344360368009587e+00,1.013632432545802931e-01,1.311513202561084834e-01,5.066585587994301698e-02,5.380563657638530728e-01
1.007733395039558666e-01,3.376447221973899460e-01,7.404430192660971244e-02,1.559773660656378347e-01,6.082701809984329966e-01,2.164264623367754825e-01,1.377073405624151536e-01,3.342207273027541364e-03,5.479409884987261892e-01,1.651505036891431910e-03,4.135915898032203192e-02,5.382558481756889029e-02,7.635009640173033574e-02,8.618604401552668048e-02,8.244908959259086290e-01,2.069525999940251548e-01,2.124216476509126483e+00,1.617842205318003046e+00,1.193485366398738590e+00,1.942581711946509637e+00,1.324257697635642161e+00,1.928529977448688815e+00,1.223933005885312841e+00,1.809327118233671650e+00,1.621195392126293822e+00,1.588527624053787557e+00,1.731543770072324628e-01,2.280042909319874023e-01,2.933640818911720238e-01,4.139916541921612181e-01
1.402933721461753769e-01,9.576305138493128588e-01,5.702601536351665779e-01,1.673903973859577066e-01,1.000000000000000000e+00,1.000000000000000000e+00,1.201921480133442827e-01,1.000000000000000021e-03,2.963667302412731352e-01,1.867773875104468406e-02,1.000000000000000056e-01,1.000000000000000056e-01,7.730572403635110890e-02,2.723280475075526893e-03,2.758450890256974875e-01,5.000000000000000000e+00,0.000000000000000000e+00,1.591107294777472925e+00,2.000000000000000000e+00,1.290318542537927993e+00,2.000000000000000000e+00,2.000000000000000000e+00,1.801551850933401866e+00,1.063559872161291775e+00,1.416299389478520521e+00,1.381824841814999871e+00,3.700525457177301081e-01,2.431882298194444070e-01,9.548170914060562231e-02,5.947314269265461251e-01
1.204528358791947529e-01,7.300349746019217934e-01,1.000000000000000000e+00,1.772809578583540990e-01,4.991174216729960533e-01,1.283124771647328743e-01,8.047957713194746621e-01,2.575650017754151089e-03,3.598482632643680290e-01,1.253092727333157859e-02,8.037001532217533106e-02,4.233588616610427235e-02,8.877514403131776810e-02,2.645805768552810661e-02,2.563225535926961118e+00,5.730443860370042497e-01,3.722465026533847698e+00,3.980433790394078297e+00,1.022602202633499768e+00,1.762796530850030186e+00,1.469324686437380123e+00,1.044171707745737310e+00,1.346598763049611236e+00,1.311121937417328631e+00,1.764259581246110820e+00,1.984451058617823005e+00,3.233380205326302215e-01,1.361991285539828067e-01,5.784298763290374179e-02,3.771006740225343878e-01
1.105781254787645412e-01,7.279745269860503631e-01,1.000000000000000000e+00,1.772809578583540990e-01,6.333517209081004351e-01,1.332300834046589166e-01,8.047957713194746621e-01,1.856543000165630439e-02,6.625502361313322375e-01,1.000000000000000021e-03,8.037001532217533106e-02,4.196025590688621382e-02,8.478658724575874328e-02,1.527778482327020113e-02,2.965134304158259848e+00,6.425723922369021013e-01,1.736047386491113009e+00,2.587605474542532313e+00,1.969474772107957738e+00,1.960456614337524828e+00,1.669308437234221065e+00,1.044171707745737310e+00,1.814621153467869341e+00,1.872304422090560472e+00,1.761252784369919056e+00,1.461153616698207536e+00,1.323618142449403678e-01,1.349820547182215280e-01,5.782703059138757234e-02,3.771121551395721916e-01
6.576717009344641707e-02,8.913809834722185022e-01,3.627171256347301864e-01,1.826858125969664792e-01,2.130356496500983576e-01,1.379044197095331270e-01,1.164296957306575342e-01,1.936678130744005910e-02,2.644942706784032538e-01,7.051877860887168642e-03,8.001227203214116013e-02,9.042605014012884690e-02,8.599912769995296524e-02,2.553046830684903463e-03,3.411809131472951950e+00,8.784861468725682077e-01,2.059565236704245184e+00,7.407403902978089150e-01,1.092013656147782008e+00,1.092009175536083898e+00,1.915555297531770451e+00,1.949057176531051594e+00,1.394937468534392488e+00,1.390215691684010935e+00,1.639024662534363408e+00,1.743686379170009459e+00,1.253101157748732764e-01,3.392647214837523073e-01,7.142802897195368872e-02,4.431526883519276705e-01
1.960923189326793104e-01,5.398187770620744841e-01,4.543054634690761318e-01,1.557432198492548214e-01,1.987044766439886034e-01,3.769730494587113512e-01,8.323455461986580817e-01,1.000000000000000021e-03,7.491659133117726244e-01,9.150002197888166752e-03,5.879495353968621635e-02,2.177463631143184211e-02,1.000000000000000056e-01,2.984755123237075453e-02,2.321701302029427483e-01,3.703978946284574469e+00,2.179360124084636308e+00,2.923720051904805661e+00,1.717396765671333148e+00,1.000000000000000000e+00,1.823285315923598215e+00,1.098301371888040334e+00,1.443467522841754391e+00,1.000000000000000000e+00,1.000000000000000000e+00,1.308871334569923439e+00,1.313670725509276660e-01,1.837516661676825147e-01,2.022789819099843900e-01,4.141500438633435865e-01
6.685572570946700377e-02,3.732647385954150354e-01,7.163077633584825632e-01,1.571849045441107984e-01,5.921317855436749600e-01,3.078281861025211619e-01,9.251946378700741658e-01,1.000000000000000021e-03,2.031852898770861449e-01,1.005493264693572628e-02,3.358779614078041820e-02,5.720175986882217525e-03,9.457862452277719656e-02,3.319138348166116026e-02,9.621660200059700685e-01,4.109675856040780673e+00,2.169573477485631674e+00,2.533681226961866262e+00,1.559121763159837526e+00,1.124344624258682313e+00,1.705353071447994084e+00,1.027915408154181698e+00,1.051860584934465548e+00,1.286449833011494848e+00,2.000000000000000000e+00,1.297863759697872821e+00,1.379636005906151874e-01,1.433428322726215121e-01,2.370971571540627376e-01,4.112445329324916909e-01
1.203426904898463601e-01,6.170474733879898269e-03,7.222162519368763300e-02,1.663381487146425863e-01,9.833124570811282300e-03,1.055642099453544397e-01,6.679986606647663194e-01,4.404786421027165333e-03,5.327260470920853752e-01,1.000000000000000021e-03,7.487621113772184589e-02,9.840076693707121291e-02,8.425843950381713132e-02,9.431098065143483922e-02,1.917675118625185471e+00,1.917146035380903557e+00,1.889894777892311639e+00,1.828462480549459146e+00,1.037714035173630256e+00,1.820186393844658079e+00,1.550983252641687793e+00,1.764947122122366263e+00,1.557829298873645518e+00,1.201833940130922818e+00,1.194231315188971188e+00,1.989729142317844701e+00,1.000000000000000056e-01,9.300085134662987307e-02,5.000000000000000278e-02,4.588946109336776713e-01
1.241532592147412406e-01,4.442124830982603356e-01,2.387178807806836223e-01,1.879023948303347180e-01,5.269061462162450971e-01,1.151024177221390832e-01,9.540596967383456750e-01,1.332760302034826511e-03,9.333869677053401315e-01,3.242676903486271800e-02,4.376492428623302705e-02,4.690052619948840984e-02,6.346677027578823127e-02,3.423284454499288948e-02,2.213077518032318558e+00,2.076303599661638799e+00,2.031146298437221720e+00,2.314359993399796256e+00,1.026117954708393398e+00,1.660452204259181164e+00,1.740767903637461700e+00,1.526395611967948485e+00,1.047339161163004073e+00,1.374773662408409258e+00,1.094143794322194552e+00,1.520156238866992027e+00,2.822160668378677628e-01,1.696758124562612324e-01,6.114323408835177498e-02,6.083961589781895496e-01
1.492500729982044194e-01,7.463164883137091143e-01,2.863156264599738821e-01,1.684616570667448188e-01,8.791132989711213375e-01,1.248738158717717650e-01,3.842714419345305554e-01,3.571486304478475437e-03,2.216355905006409110e-01,5.933373349858531501e-03,4.002437793339229388e-02,1.681780018578912794e-02,8.192973497640868019e-02,1.842987143525676857e-02,1.988315666019439876e+00,4.435373428500851034e+00,2.911156449213493147e+00,2.030586364437695579e+00,1.030151373883562815e+00,1.462502835758109354e+00,1.938891061864636889e+00,1.276761582218738145e+00,1.008021737794718042e+00,1.524538714480012436e+00,1.564338029578469458e+00,1.047748849996885445e+00,2.549553753914645671e-01,2.149452323914457230e-01,2.360125585164304374e-01,4.196807653345628886e-01
1.055785497400932582e-01,3.237863256572823256e-01,6.185554640123441805e-01,1.867156981925806591e-01,8.194608943433374648e-01,7.516862332813457614e-01,7.904235686383268567e-01,2.497392617076242549e-02,9.547412848815000075e-01,3.862647631304890611e-02,3.712493291160309794e-02,6.270119109253892431e-02,5.299171505817974748e-02,1.616975763149241380e-02,9.942948315386371805e-01,2.486512515535848955e+00,1.796565267845162905e+00,2.605311780328907645e+00,1.998669619465843983e+00,1.385045346921710552e+00,1.366024281560403786e+00,1.373422810344500089e+00,1.227675855126098670e+00,1.005970624817724701e+00,1.315313545483970614e+00,1.423879790883744834e+00,1.158464646298646844e-01,1.656109088546428021e-01,2.204231479992128373e-01,6.231105508041435703e-01
1.213520162075839293e-01,9.226293958840058318e-01,3.338897942871205116e-01,1.676233839462090147e-01,8.068234896599458805e-01,6.080984440313415007e-01,2.317774602692214414e-01,3.964627735386038604e-03,7.110360668968641606e-01,1.000000000000000021e-03,3.881271784211907938e-02,8.444092398875444050e-02,8.013424217405468175e-02,2.530614516800956670e-02,7.177769926314296889e-01,2.643681165825847668e+00,2.634153447316297747e+00,1.276855130842835750e+00,1.128422673659170039e+00,1.021326736784849087e+00,1.466783580084129346e+00,1.694010955680222086e+00,1.271018296778595902e+00,1.358306399344856530e+00,1.531984051585443707e+00,1.021336036415660065e+00,1.789562720189278033e-01,1.711002562273538363e-01,1.584060253493205783e-01,5.798126636836908876e-01
1.131533871174681405e-01,3.302568423451047730e-01,8.191656849635964299e-01,1.881179535017700744e-01,9.987793585037518795e-01,2.504539377430572422e-01,4.503145813615956339e-01,1.000000000000000021e-03,4.273118915253807382e-01,3.347177100784174547e-02,7.714602127945630050e-02,1.456415906531186022e-03,8.715253754897481220e-02,1.461973604666807688e-02,2.064895335075474847e+00,2.704824714839980881e+00,2.112412265969770164e+00,2.648923651775192400e+00,1.111966796149702619e+00,1.905242124141997895e+00,1.134535336008960948e+00,1.094745445854620192e+00,1.175005292732687279e+00,1.732579910599761686e+00,1.788683476399751227e+00,1.922862358463268695e+00,1.087039301044188944e-01,2.012905767272165081e-01,8.519917363971182822e-02,3.969783410517659927e-01
6.997509597016933480e-02,5.223355891404465323e-01,4.159264892050608675e-01,1.689678060850908214e-01,5.675986897252249808e-01,4.325664107740642694e-01,8.413842626381309309e-01,1.000000000000000021e-03,2.372258673371313575e-01,2.370018774762664565e-02,6.497665517257741885e-02,7.271121316467715756e-02,8.885672196758824526e-02,5.024761985498907985e-02,4.815507655607247806e+00,6.619623681762520917e-01,3.650411891322572711e+00,2.950309810234496233e+00,2.000000000000000000e+00,1.378952705677985113e+00,1.508388172297433050e+00,1.101948101592015838e+00,1.779848321171968450e+00,1.492527312222385660e+00,1.554492685127323526e+00,1.886707322326450997e+00,1.037193158574581248e-01,1.116272179093139305e-01,7.800012318466478800e-02,5.684853097588875581e-01
1.220183203099355490e-01,5.569182902430589444e-01,3.306573899747782819e-01,1.699872785935919728e-01,3.650946896200714664e-01,3.844444502812789377e-01,2.805397065839674298e-01,1.000000000000000021e-03,3.469513216740355843e-01,1.000000000000000021e-03,9.248632864984417112e-02,5.785805724563460040e-02,8.312057678916175141e-02,6.220357665529027691e-02,2.254981720206078455e-01,3.604397949139332535e+00,2.850062129710483116e+00,3.004609848381165182e+00,1.618225638613754569e+00,1.319587395011989406e+00,1.535925767268116582e+00,1.119969432926475994e+00,1.722253616732044801e+00,1.718721508694809996e+00,1.596269863357357099e+00,1.955648527727284591e+00,1.000000000000000056e-01,1.944639032621411634e-01,5.574438070615735097e-02,4.512098229781585368e-01
6.390007725248440795e-02,6.737218478361131080e-01,6.525952774050032268e-01,1.610988231264331993e-01,3.500699817550467774e-01,8.813307754907371283e-01,8.106927039731407492e-01,5.505005381066554494e-03,4.840259121127097885e-01,1.000000000000000021e-03,9.487259461990386888e-02,5.285211919397431179e-03,8.455406620719922717e-02,6.062398503335809236e-02,4.308457048744227080e+00,8.631331353962135022e-01,7.178387030238311262e-01,2.167150117809521603e+00,1.839322276570744652e+00,1.469058442437211953e+00,1.969493813579183517e+00,1.195260172858030989e+00,1.738794041875614038e+00,1.998733175928848915e+00,1.231748696216923733e+00,1.269556862801604513e+00,1.009909409229733379e-01,1.542024365130500452e-01,1.900554955827227221e-01,6.021116855315387095e-01
1.669137540439614154e-01,6.949791456488298991e-01,9.790160504802787322e-01,1.618794011777056063e-01,1.148224012095942353e-01,6.651409970261348281e-01,2.307523387024174588e-01,1.000000000000000021e-03,1.988657035723911115e-01,7.200497539158455008e-03,6.609965055634203779e-02,6.319228978617057180e-02,6.462617104984602623e-02,7.363897293850842074e-02,3.682330553179425259e+00,1.162358099472745598e+00,9.060818114104710608e-01,1.949298680163748188e+00,1.325954288281292470e+00,1.908949835004211337e+00,2.000000000000000000e+00,1.816215867245614568e+00,1.471009060761420129e+00,1.477738729125131156e+00,1.103959575333695264e+00,1.813626548416469531e+00,4.192127052303424861e-01,2.029609968610222026e-01,1.689860057927778936e-01,7.194258034132934299e-01