Sample,D_all,D_Rel,D_RF,D_WCC,O_all,O_Rel,O_RF,O_WCC,R_all,R_Rel,R_RF,R_WCC,C_all,C_Rel,C_RF,C_WCC
0,393,655,416,1000,998,998,1000,1000,555,592,756,977,824,833,958,1000
1,549,578,776,1000,1000,1000,1000,1000,66,676,733,98,595,637,729,994
2,0,691,0,1000,1000,1000,1000,1000,420,559,711,719,711,716,931,997
3,570,855,581,1000,999,999,1000,1000,365,567,708,612,784,807,974,962
4,497,815,510,932,1000,1000,1000,1000,324,673,466,540,360,615,362,984
5,568,569,958,1000,999,999,1000,1000,425,654,464,953,784,792,942,1000
6,536,590,706,1000,1000,1000,1000,1000,68,696,556,109,624,631,870,1000
7,77,876,77,986,999,999,1000,1000,439,634,615,711,721,731,897,999
8,45,625,45,1000,999,999,1000,1000,579,651,753,932,519,567,637,1000
9,601,644,763,1000,1000,1000,1000,1000,413,669,466,763,555,780,562,999
10,588,634,759,1000,999,999,1000,1000,498,578,625,918,655,655,949,999
11,44,671,44,1000,999,999,1000,1000,500,539,740,923,772,773,981,1000
12,529,531,936,1000,998,998,1000,1000,513,611,623,982,551,568,758,999
13,521,522,933,1000,998,998,1000,1000,366,560,671,628,859,877,944,986
14,718,719,984,1000,999,999,1000,1000,565,593,780,995,357,611,359,995
15,573,573,965,1000,1000,1000,1000,1000,316,541,740,516,700,739,821,1000
16,840,856,938,1000,1000,1000,1000,1000,535,599,694,942,559,567,877,964
17,824,834,988,990,1000,1000,1000,1000,371,629,446,730,752,907,761,998
18,0,691,0,999,1000,1000,1000,1000,385,602,807,631,588,621,814,951
19,492,807,508,1000,999,999,1000,1000,487,616,593,862,561,563,882,996
20,494,807,508,1000,998,998,1000,1000,502,603,759,809,707,719,891,994
21,496,811,511,1000,1000,1000,1000,1000,382,660,494,670,463,830,623,665
22,571,870,581,1000,1000,1000,1000,1000,477,666,703,717,719,722,934,1000
23,539,545,902,996,1000,1000,1000,1000,511,664,648,798,572,648,666,999
24,0,805,0,1000,999,999,1000,1000,327,678,416,604,683,724,813,983
25,807,863,889,972,1000,1000,1000,1000,93,627,770,169,865,871,973,1000
26,558,559,958,1000,999,999,1000,1000,191,594,840,312,854,855,989,1000
27,595,640,758,1000,999,999,1000,1000,471,583,670,805,859,888,918,1000
28,811,851,936,964,998,998,1000,1000,537,576,731,965,808,834,910,987
29,547,604,707,1000,1000,1000,1000,1000,513,650,672,823,551,594,689,996
30,0,822,0,817,1000,1000,1000,1000,356,549,671,615,726,784,813,992
31,596,643,761,1000,1000,1000,1000,1000,475,612,780,780,731,731,970,1000
32,0,899,0,880,999,999,1000,1000,460,675,494,975,781,786,958,998
33,726,792,837,1000,1000,1000,1000,1000,495,682,711,768,679,721,813,998
34,55,817,55,1000,999,999,1000,1000,495,606,752,802,552,557,820,1000
35,573,574,959,1000,999,999,1000,1000,469,628,670,739,797,800,966,1000
36,573,878,582,990,999,999,1000,1000,485,674,713,745,846,846,987,999
37,78,887,78,716,999,999,1000,1000,577,607,787,971,555,567,766,990
38,0,697,0,997,1000,1000,1000,1000,508,543,739,947,578,655,947,851
39,491,807,504,950,1000,1000,1000,1000,355,694,480,604,754,768,979,968
40,739,759,909,1000,998,998,1000,1000,476,620,750,719,624,633,868,1000
41,487,790,506,1000,999,999,1000,1000,551,569,819,978,860,864,982,999
42,493,810,507,999,999,999,1000,1000,528,655,732,840,473,479,767,964
43,843,859,938,1000,999,999,1000,1000,491,543,740,862,658,672,851,1000
44,368,611,395,994,998,998,1000,1000,539,569,771,944,748,751,947,1000
45,559,588,775,1000,1000,1000,1000,1000,451,684,481,995,677,719,808,995
46,524,526,936,1000,1000,1000,1000,1000,386,623,442,787,564,579,782,996
47,0,664,0,1000,999,999,1000,1000,373,678,413,757,675,738,787,977
48,539,595,707,1000,1000,1000,1000,1000,142,611,809,248,508,590,584,976
49,548,577,777,1000,999,999,1000,1000,549,651,687,886,565,610,700,999
50,603,624,836,1000,999,999,1000,1000,345,639,397,747,725,725,969,1000
51,590,593,937,1000,999,999,1000,1000,274,642,613,404,787,791,961,999
52,534,535,941,1000,1000,1000,1000,1000,225,715,559,363,371,629,379,848
53,766,789,909,1000,1000,1000,1000,1000,314,613,694,491,451,465,716,957
54,571,874,581,919,999,999,1000,1000,581,684,735,915,689,702,869,1000
55,528,529,935,1000,1000,1000,1000,1000,338,571,802,533,557,598,869,906
56,846,891,898,1000,1000,1000,1000,1000,540,693,598,995,454,459,745,1000
57,736,736,981,1000,1000,1000,1000,1000,94,561,802,171,789,834,859,1000
58,591,635,761,1000,999,999,1000,1000,401,618,442,976,515,522,807,973
59,525,527,934,996,999,999,1000,1000,461,639,748,726,816,840,908,1000
60,44,634,44,997,998,998,1000,1000,183,603,843,309,622,692,723,1000
61,78,883,78,1000,998,998,1000,1000,383,633,782,607,786,788,970,1000
62,722,786,835,1000,1000,1000,1000,1000,478,574,774,808,724,724,973,1000
63,539,544,903,1000,999,999,1000,1000,408,634,443,985,596,667,699,1000
64,762,848,977,908,997,997,1000,1000,320,595,645,523,631,632,938,1000
65,725,725,979,1000,999,999,1000,1000,514,653,589,957,797,797,988,1000
66,590,634,763,1000,1000,1000,1000,1000,175,690,595,296,440,693,450,1000
67,756,759,966,1000,999,999,1000,1000,395,661,414,987,536,536,867,1000
68,771,849,989,915,1000,1000,1000,1000,226,710,537,362,558,564,890,973
69,521,522,933,1000,1000,1000,1000,1000,522,583,692,981,686,704,873,981
70,393,654,414,982,999,999,1000,1000,499,608,693,822,876,890,952,1000
71,564,567,957,990,999,999,1000,1000,352,639,709,543,861,865,979,1000
72,0,642,0,995,1000,1000,1000,1000,446,592,804,714,872,878,974,1000
73,571,863,583,1000,1000,1000,1000,1000,145,706,536,227,617,635,825,1000
74,752,775,907,1000,1000,1000,1000,1000,536,707,610,900,628,628,940,1000
75,527,528,934,1000,999,999,1000,1000,413,559,757,698,829,835,961,1000
76,833,851,937,1000,1000,1000,1000,1000,91,622,774,173,735,763,846,995
77,371,612,398,996,998,998,1000,1000,410,652,439,988,829,866,890,1000
78,814,857,890,1000,1000,1000,1000,1000,557,652,672,953,856,861,980,1000
79,45,693,45,1000,999,999,1000,1000,490,718,533,911,647,715,752,1000
80,538,545,896,1000,999,999,1000,1000,381,650,750,589,754,758,952,1000
81,520,529,937,972,1000,1000,1000,1000,503,543,739,898,615,634,817,1000
82,366,609,396,1000,999,999,1000,1000,258,533,711,426,743,753,913,1000
83,750,754,970,1000,999,999,1000,1000,520,583,777,883,598,677,694,992
84,832,834,988,1000,999,999,1000,1000,487,587,695,838,750,904,760,1000
85,497,814,511,1000,1000,1000,1000,1000,221,652,615,368,627,700,731,1000
86,0,645,0,1000,1000,1000,1000,1000,505,624,784,805,592,812,602,988
87,55,823,55,998,1000,1000,1000,1000,80,695,596,153,518,595,607,998
88,830,870,894,1000,998,998,1000,1000,514,575,673,949,711,885,720,1000
89,391,653,413,1000,999,999,1000,1000,546,614,709,925,867,898,920,1000
90,827,863,979,961,1000,1000,1000,1000,434,675,465,926,548,592,681,996
91,730,792,840,1000,999,999,1000,1000,500,706,537,989,620,828,630,999
92,746,748,981,1000,998,998,1000,1000,424,615,781,680,557,563,832,1000
93,78,873,78,1000,1000,1000,1000,1000,543,615,694,988,685,698,916,973
94,76,883,76,1000,999,999,1000,1000,540,598,775,875,684,867,696,987
95,45,688,45,1000,1000,1000,1000,1000,504,527,740,984,764,913,773,999
96,548,578,770,998,998,998,1000,1000,517,578,780,884,801,803,972,1000
97,391,656,413,1000,1000,1000,1000,1000,277,646,396,534,533,538,801,1000
98,366,608,396,1000,999,999,1000,1000,562,583,801,981,753,769,965,971
99,726,727,980,1000,999,999,1000,1000,375,627,397,994,808,811,966,1000
100,749,771,905,1000,999,999,1000,1000,452,573,756,722,866,878,946,1000
101,815,818,977,1000,998,998,1000,1000,461,699,488,977,723,890,735,1000
102,46,674,46,1000,999,999,1000,1000,509,614,692,849,579,582,906,1000
103,499,499,957,1000,999,999,1000,1000,526,645,614,987,607,624,816,1000
104,364,603,396,1000,999,999,1000,1000,101,632,751,196,560,566,814,1000
105,592,634,758,1000,1000,1000,1000,1000,363,564,780,541,864,869,974,1000
106,533,535,936,1000,1000,1000,1000,1000,426,661,460,993,588,681,792,876
107,0,814,0,1000,999,999,1000,1000,431,656,616,660,621,627,881,992
108,556,583,774,1000,1000,1000,1000,1000,117,676,711,206,443,444,796,997
109,839,884,896,1000,1000,1000,1000,1000,257,675,494,424,468,472,815,972
110,573,881,581,999,999,999,1000,1000,533,620,649,969,685,691,908,1000
111,793,879,902,928,999,999,1000,1000,551,635,676,987,494,577,561,988
112,45,625,45,1000,999,999,1000,1000,543,596,782,907,476,484,731,998
113,754,781,908,975,1000,1000,1000,1000,360,642,398,773,746,898,757,1000
114,844,848,978,1000,999,999,1000,1000,510,613,625,929,577,579,901,999
115,0,697,0,1000,999,999,1000,1000,332,706,488,534,616,623,863,992
116,44,637,44,997,1000,1000,1000,1000,470,596,728,780,649,654,905,999
117,847,865,938,1000,1000,1000,1000,1000,488,659,614,798,515,515,843,1000
118,755,779,905,1000,1000,1000,1000,1000,560,600,756,989,791,793,966,1000
119,571,571,966,1000,1000,1000,1000,1000,415,596,693,673,623,833,635,1000
120,0,689,0,1000,1000,1000,1000,1000,518,630,613,991,716,778,805,1000
121,600,642,762,996,1000,1000,1000,1000,553,612,710,967,649,706,811,933
122,548,577,777,1000,999,999,1000,1000,513,544,740,983,396,649,403,1000
123,836,876,897,1000,999,999,1000,1000,207,604,838,322,575,623,704,997
124,0,819,0,1000,998,998,1000,1000,491,655,708,746,421,676,432,954
125,0,823,0,1000,1000,1000,1000,1000,381,710,535,631,585,599,803,1000
126,0,812,0,1000,1000,1000,1000,1000,83,672,589,153,851,853,987,1000
127,45,699,45,1000,1000,1000,1000,1000,274,668,489,449,655,667,850,997
128,45,632,45,1000,999,999,1000,1000,560,623,705,960,586,807,597,1000
129,572,573,966,992,999,999,1000,1000,539,658,648,934,602,612,835,1000
130,740,741,980,1000,999,999,1000,1000,546,581,750,996,665,668,923,997
131,393,655,416,1000,999,999,1000,1000,193,613,819,304,697,710,878,992
132,552,579,775,991,1000,1000,1000,1000,487,612,623,849,552,778,557,1000
133,78,890,78,893,999,999,1000,1000,577,600,844,967,501,747,509,1000
134,799,878,902,939,1000,1000,1000,1000,577,685,720,917,497,745,506,1000
135,832,834,991,1000,999,999,1000,1000,270,611,837,410,517,570,640,994
136,540,547,896,1000,1000,1000,1000,1000,510,709,553,982,820,826,956,1000
137,390,653,413,1000,1000,1000,1000,1000,480,607,834,779,680,723,814,1000
138,0,816,0,1000,1000,1000,1000,1000,515,614,625,998,705,725,949,964
139,595,598,940,1000,1000,1000,1000,1000,501,589,625,980,455,464,717,998
140,492,805,508,1000,998,998,1000,1000,547,703,615,936,630,699,736,999
141,845,863,938,1000,1000,1000,1000,1000,378,650,398,970,689,714,925,950
142,764,787,910,1000,999,999,1000,1000,425,675,734,644,526,529,804,1000
143,0,664,0,936,1000,1000,1000,1000,461,641,646,714,720,750,836,1000
144,524,527,937,1000,1000,1000,1000,1000,445,661,492,837,766,794,867,1000
145,570,570,967,1000,999,999,1000,1000,406,618,750,630,645,719,746,990
146,0,897,0,966,999,999,1000,1000,384,649,649,585,765,791,863,999
147,0,805,0,895,999,999,1000,1000,396,673,416,971,761,790,859,1000
148,597,644,758,1000,1000,1000,1000,1000,559,593,831,952,766,767,964,1000
149,598,644,760,998,1000,1000,1000,1000,298,607,805,492,547,553,810,999
150,603,646,764,1000,999,999,1000,1000,121,681,736,215,348,606,349,1000
151,77,896,77,1000,999,999,1000,1000,562,660,673,976,544,552,809,987
152,394,664,416,1000,999,999,1000,1000,244,592,751,386,479,486,740,995
153,76,874,76,1000,1000,1000,1000,1000,528,645,613,977,792,796,962,1000
154,599,601,944,1000,1000,1000,1000,1000,235,678,414,395,523,599,615,1000
155,832,873,896,1000,999,999,1000,1000,486,599,625,861,551,559,811,998
156,607,630,836,1000,999,999,1000,1000,567,614,750,963,837,843,966,1000
157,523,524,934,1000,997,997,1000,1000,258,580,774,403,678,717,812,1000
158,369,610,396,1000,999,999,1000,1000,191,630,742,304,504,581,657,865
159,369,610,399,1000,999,999,1000,1000,535,621,770,884,673,674,928,1000
160,539,546,895,1000,998,998,1000,1000,545,644,700,888,839,839,993,1000
161,849,853,979,1000,1000,1000,1000,1000,544,675,688,828,705,743,827,1000
162,44,642,44,1000,999,999,1000,1000,534,584,773,908,567,568,893,1000
163,0,657,0,987,999,999,1000,1000,489,711,536,896,770,824,832,999
164,839,856,936,1000,998,998,1000,1000,213,601,832,357,730,733,953,999
165,766,790,909,1000,1000,1000,1000,1000,474,602,781,788,591,606,809,1000
166,0,698,0,1000,1000,1000,1000,1000,551,641,728,886,631,632,945,990
167,571,876,581,1000,999,999,1000,1000,543,600,731,924,581,601,871,950
168,78,879,78,943,1000,1000,1000,1000,559,585,809,959,471,556,539,999
169,594,637,761,1000,1000,1000,1000,1000,454,670,491,995,821,824,973,1000
170,826,872,893,1000,1000,1000,1000,1000,486,630,593,845,603,654,908,894
171,44,682,44,1000,1000,1000,1000,1000,447,676,649,667,317,577,320,952
172,0,827,0,828,998,998,1000,1000,504,617,597,958,572,586,793,1000
173,613,632,842,987,1000,1000,1000,1000,162,615,782,252,496,549,618,983
174,759,781,908,1000,1000,1000,1000,1000,484,599,833,800,739,897,749,1000
175,572,876,581,1000,999,999,1000,1000,103,699,532,189,832,838,965,1000
176,606,628,835,1000,1000,1000,1000,1000,546,661,648,952,661,663,954,996
177,726,792,834,1000,1000,1000,1000,1000,551,581,774,968,667,668,954,1000
178,734,795,841,1000,1000,1000,1000,1000,459,673,496,957,596,810,604,1000
179,580,580,967,1000,999,999,1000,1000,558,610,761,946,489,542,610,964
180,547,575,773,1000,998,998,1000,1000,419,689,440,970,734,895,743,998
181,598,643,761,1000,1000,1000,1000,1000,573,660,702,945,612,684,719,1000
182,0,696,0,999,999,999,1000,1000,299,597,694,480,702,703,941,1000
183,45,642,45,1000,999,999,1000,1000,572,665,685,996,817,820,977,1000
184,596,643,759,999,999,999,1000,1000,508,608,622,913,611,611,929,1000
185,767,788,907,1000,1000,1000,1000,1000,88,657,711,162,630,636,868,999
186,0,815,0,1000,999,999,1000,1000,369,690,442,683,838,843,962,1000
187,820,860,895,996,999,999,1000,1000,494,670,752,764,500,501,795,1000
188,769,793,911,1000,1000,1000,1000,1000,371,696,617,567,396,650,404,1000
189,850,854,978,1000,1000,1000,1000,1000,518,623,825,826,656,723,761,1000
190,538,545,900,1000,999,999,1000,1000,515,695,588,858,726,735,906,1000
191,529,589,707,950,999,999,1000,1000,310,598,782,472,723,887,734,1000
192,0,897,0,1000,1000,1000,1000,1000,533,639,751,842,808,835,901,1000
193,712,712,978,1000,1000,1000,1000,1000,558,624,703,958,831,831,991,999
194,0,903,0,942,999,999,1000,1000,539,641,651,964,536,550,746,1000
195,852,855,979,1000,999,999,1000,1000,386,607,785,607,608,686,702,995
196,368,613,395,1000,1000,1000,1000,1000,472,640,649,773,528,534,787,997
197,750,772,903,1000,998,998,1000,1000,336,593,798,508,856,860,987,1000
198,839,857,938,1000,999,999,1000,1000,435,717,562,722,622,630,865,999
199,0,893,0,997,1000,1000,1000,1000,532,650,652,898,590,637,944,897
200,595,598,940,1000,1000,1000,1000,1000,359,704,612,546,512,526,719,1000
201,542,546,903,1000,999,999,1000,1000,428,651,463,935,510,523,715,1000
202,827,846,990,980,999,999,1000,1000,586,684,686,988,586,590,857,1000
203,0,695,0,1000,999,999,1000,1000,307,624,741,510,502,509,754,988
204,0,694,0,1000,1000,1000,1000,1000,511,575,673,964,646,651,912,999
205,587,591,938,1000,1000,1000,1000,1000,518,621,737,829,709,709,966,1000
206,606,627,836,1000,998,998,1000,1000,510,631,612,906,873,887,949,1000
207,737,807,836,1000,1000,1000,1000,1000,452,567,756,732,436,436,792,1000
208,0,688,0,996,1000,1000,1000,1000,486,583,777,803,480,571,540,979
209,818,873,938,952,999,999,1000,1000,462,707,485,911,536,582,663,1000
210,757,778,908,1000,999,999,1000,1000,495,588,625,898,656,663,886,999
211,602,645,763,1000,999,999,1000,1000,399,629,438,889,549,672,680,873
212,0,906,0,1000,1000,1000,1000,1000,159,631,786,244,556,609,684,999
213,577,872,585,1000,1000,1000,1000,1000,452,603,809,683,338,588,339,999
214,823,863,895,1000,999,999,1000,1000,535,552,803,971,745,901,755,1000
215,843,849,977,996,999,999,1000,1000,399,675,417,941,730,733,942,1000
216,364,602,396,1000,1000,1000,1000,1000,208,628,740,350,728,731,953,1000
217,0,652,0,1000,999,999,1000,1000,415,631,748,657,815,838,910,1000
218,805,822,989,981,999,999,1000,1000,515,560,712,984,640,843,652,1000
219,55,812,55,1000,999,999,1000,1000,504,602,750,809,738,741,938,1000
220,849,853,978,1000,1000,1000,1000,1000,423,704,537,736,788,821,879,1000
221,841,846,977,1000,1000,1000,1000,1000,511,552,740,938,671,681,859,1000
222,0,652,0,1000,1000,1000,1000,1000,480,709,536,865,628,633,899,1000
223,595,642,761,1000,999,999,1000,1000,528,624,823,854,611,629,888,949
224,569,571,964,997,999,999,1000,1000,511,594,759,849,667,679,854,1000
225,43,635,43,997,1000,1000,1000,1000,540,580,755,954,849,887,913,981
226,822,868,891,1000,998,998,1000,1000,398,594,732,641,793,797,965,1000
227,0,891,0,998,1000,1000,1000,1000,223,612,808,348,609,625,815,1000
228,747,752,962,1000,997,997,1000,1000,414,654,729,634,761,761,979,1000
229,539,594,706,1000,999,999,1000,1000,438,603,801,699,863,877,945,993
230,589,592,938,1000,1000,1000,1000,1000,537,645,741,845,862,876,946,1000
231,0,660,0,998,1000,1000,1000,1000,537,614,770,872,827,836,959,999
232,862,866,980,1000,999,999,1000,1000,413,644,445,850,562,606,699,1000
233,764,784,905,1000,1000,1000,1000,1000,367,662,414,699,795,803,950,1000
234,838,845,976,995,999,999,1000,1000,432,633,592,690,784,830,973,935
235,0,694,0,1000,999,999,1000,1000,357,601,782,518,693,695,930,1000
236,593,595,940,1000,1000,1000,1000,1000,367,681,611,580,514,514,841,999
237,0,820,0,1000,1000,1000,1000,1000,496,687,544,974,639,846,651,1000
238,594,639,758,1000,999,999,1000,1000,411,628,749,663,840,840,993,1000
239,0,706,0,1000,999,999,1000,1000,511,556,729,929,857,863,969,1000
240,0,895,0,990,1000,1000,1000,1000,555,650,678,952,796,803,947,1000
241,528,530,938,1000,1000,1000,1000,1000,551,609,824,918,490,490,822,997
242,732,734,982,1000,1000,1000,1000,1000,410,641,445,954,529,532,855,974
243,593,595,938,1000,999,999,1000,1000,567,612,806,943,759,789,857,1000
244,843,845,988,1000,1000,1000,1000,1000,380,643,440,714,625,625,939,1000
245,536,542,898,1000,1000,1000,1000,1000,395,670,415,995,669,670,956,1000
246,552,579,777,1000,1000,1000,1000,1000,427,594,625,724,476,498,758,924
247,815,858,891,1000,999,999,1000,1000,580,628,750,983,867,870,985,1000
248,551,581,775,1000,1000,1000,1000,1000,288,697,533,483,628,698,726,998
249,0,825,0,1000,1000,1000,1000,1000,482,563,713,827,574,794,583,1000
250,600,621,836,1000,999,999,1000,1000,475,545,711,848,735,738,946,1000
251,573,880,583,1000,1000,1000,1000,1000,362,681,414,682,757,771,965,971
252,848,852,979,1000,1000,1000,1000,1000,81,671,733,152,528,531,860,993
253,555,583,776,1000,1000,1000,1000,1000,507,546,709,997,663,699,804,1000
254,548,579,778,978,999,999,1000,1000,418,681,439,916,479,727,490,955
255,724,725,981,1000,999,999,1000,1000,478,643,649,782,754,766,916,1000
256,855,860,979,1000,1000,1000,1000,1000,282,661,468,476,572,577,839,995
257,594,637,758,1000,1000,1000,1000,1000,541,599,798,895,764,768,955,1000
258,577,869,585,1000,1000,1000,1000,1000,292,676,751,446,528,607,616,1000
259,392,651,415,1000,999,999,1000,1000,466,581,623,840,852,864,938,1000
260,545,604,707,1000,1000,1000,1000,1000,539,595,758,910,582,603,834,957
261,43,649,43,1000,1000,1000,1000,1000,511,592,649,935,467,712,476,1000
262,574,575,960,1000,1000,1000,1000,1000,529,597,829,872,634,642,878,988
263,493,820,505,976,1000,1000,1000,1000,500,717,534,994,460,514,572,999
264,0,647,0,1000,999,999,1000,1000,379,618,443,751,629,647,830,991
265,571,869,580,1000,999,999,1000,1000,577,680,711,919,738,747,910,1000
266,548,577,772,1000,999,999,1000,1000,298,641,397,607,719,807,974,886
267,766,789,912,1000,999,999,1000,1000,539,573,758,993,404,530,579,759
268,607,630,838,1000,999,999,1000,1000,514,593,805,847,822,866,874,1000
269,43,684,43,883,1000,1000,1000,1000,484,660,749,759,688,688,963,1000
270,843,845,990,1000,1000,1000,1000,1000,425,651,466,862,690,734,819,987
271,533,588,707,1000,1000,1000,1000,1000,511,599,642,908,575,581,854,1000
272,45,681,45,1000,1000,1000,1000,1000,440,611,622,719,714,884,722,1000
273,863,867,980,1000,1000,1000,1000,1000,464,684,495,978,492,493,786,999
274,733,801,836,1000,999,999,1000,1000,395,678,413,980,607,626,818,1000
275,589,592,939,1000,999,999,1000,1000,537,560,775,977,506,506,835,1000
276,594,640,757,1000,1000,1000,1000,1000,573,602,781,997,857,872,939,997
277,535,540,902,1000,1000,1000,1000,1000,378,654,462,671,566,794,575,985
278,745,749,964,998,999,999,1000,1000,508,538,739,992,782,808,876,1000
279,399,661,417,1000,1000,1000,1000,1000,432,668,465,973,683,704,875,974
280,543,549,900,1000,999,999,1000,1000,420,695,441,977,554,557,828,1000
281,837,841,976,1000,1000,1000,1000,1000,506,621,595,984,765,771,979,982
282,532,587,704,1000,999,999,1000,1000,199,576,832,321,856,887,916,1000
283,78,893,78,836,999,999,1000,1000,502,582,758,838,601,676,702,1000
284,850,871,937,1000,1000,1000,1000,1000,555,668,650,989,551,558,827,1000
285,0,695,0,1000,1000,1000,1000,1000,499,581,624,976,547,593,801,906
286,46,676,46,1000,999,999,1000,1000,575,682,687,941,469,472,755,1000
287,826,828,989,1000,999,999,1000,1000,219,597,805,333,633,638,901,1000
288,78,882,78,994,998,998,1000,1000,528,647,611,993,838,838,993,1000
289,742,748,982,990,999,999,1000,1000,477,629,651,760,609,658,754,975
290,834,852,979,983,999,999,1000,1000,517,648,649,839,606,612,852,996
291,535,537,934,1000,999,999,1000,1000,407,595,693,675,537,557,817,952
292,820,827,989,993,1000,1000,1000,1000,542,576,756,984,555,791,560,1000
293,43,641,43,1000,1000,1000,1000,1000,451,584,692,764,677,858,687,999
294,569,570,960,1000,999,999,1000,1000,500,563,803,852,632,637,901,999
295,369,610,399,1000,1000,1000,1000,1000,470,606,749,754,701,701,964,1000
296,844,849,977,1000,999,999,1000,1000,543,604,780,920,778,785,941,1000
297,726,795,835,1000,1000,1000,1000,1000,471,544,774,799,660,672,854,1000
298,44,632,44,996,1000,1000,1000,1000,524,594,826,881,338,598,340,994
299,0,697,0,1000,1000,1000,1000,1000,518,616,714,857,414,438,782,916
300,78,882,78,999,1000,1000,1000,1000,196,665,751,311,608,655,744,1000
301,545,600,707,1000,999,999,1000,1000,335,604,781,522,509,514,765,992
302,747,751,965,1000,1000,1000,1000,1000,502,580,694,862,802,848,861,1000
303,571,873,581,999,1000,1000,1000,1000,449,604,843,732,705,707,946,1000
304,54,816,54,1000,1000,1000,1000,1000,400,609,827,639,473,559,540,999
305,524,525,934,997,1000,1000,1000,1000,398,605,801,633,757,758,962,1000
306,772,871,938,900,999,999,1000,1000,277,651,750,420,507,508,798,999
307,529,530,934,1000,999,999,1000,1000,497,575,692,877,805,814,952,995
308,741,742,978,1000,1000,1000,1000,1000,534,578,775,911,751,756,975,986
309,599,642,761,1000,1000,1000,1000,1000,235,599,781,387,754,904,765,1000
310,493,807,509,1000,1000,1000,1000,1000,542,654,645,934,772,799,870,1000
311,45,642,45,1000,1000,1000,1000,1000,414,581,771,632,675,698,866,972
312,572,572,971,1000,999,999,1000,1000,481,645,714,747,481,563,555,989
313,0,822,0,1000,999,999,1000,1000,547,598,732,940,573,656,666,977
314,534,588,707,1000,999,999,1000,1000,512,608,625,928,715,727,894,989
315,44,638,44,1000,999,999,1000,1000,531,603,694,937,616,689,714,999
316,731,798,836,1000,1000,1000,1000,1000,395,677,414,990,583,591,833,1000
317,724,817,985,886,1000,1000,1000,1000,435,608,783,687,857,859,989,1000
318,549,575,778,1000,1000,1000,1000,1000,502,537,740,954,622,834,631,998
319,45,690,45,985,999,999,1000,1000,562,631,713,963,734,743,906,1000
320,830,872,896,1000,1000,1000,1000,1000,603,687,717,966,605,827,613,999
321,521,522,936,1000,1000,1000,1000,1000,491,599,592,914,785,815,879,1000
322,44,634,44,1000,1000,1000,1000,1000,514,694,585,896,486,495,737,998
323,832,834,989,1000,999,999,1000,1000,502,690,545,964,701,872,712,1000
324,56,815,56,998,998,998,1000,1000,529,577,756,920,780,781,981,999
325,56,820,56,1000,1000,1000,1000,1000,535,690,594,995,512,515,780,998
326,579,579,966,1000,999,999,1000,1000,393,585,774,633,457,460,745,1000
327,491,804,504,1000,999,999,1000,1000,404,615,589,671,766,771,937,1000
328,525,528,936,1000,998,998,1000,1000,569,589,833,980,795,823,885,1000
329,768,791,909,1000,1000,1000,1000,1000,537,616,825,875,440,441,788,1000
330,366,608,396,1000,999,999,1000,1000,314,674,412,591,867,871,973,1000
331,596,617,833,1000,999,999,1000,1000,499,614,591,978,791,792,984,1000
332,746,748,981,1000,998,998,1000,1000,329,688,443,583,514,527,859,948
333,570,571,959,1000,999,999,1000,1000,509,622,596,985,849,883,903,1000
334,577,577,966,1000,1000,1000,1000,1000,505,563,670,952,510,514,775,996
335,395,660,415,1000,999,999,1000,1000,475,655,607,825,859,861,987,1000
336,598,645,759,996,999,999,1000,1000,551,612,779,916,697,711,877,1000
337,43,636,43,976,1000,1000,1000,1000,283,621,440,510,863,894,921,999
338,396,650,419,1000,999,999,1000,1000,522,585,690,990,597,599,911,999
339,845,851,990,997,999,999,1000,1000,546,690,612,978,493,494,788,1000
340,531,533,937,1000,1000,1000,1000,1000,404,635,436,868,500,502,789,995
341,753,755,983,1000,1000,1000,1000,1000,309,682,541,485,531,689,716,789
342,612,634,840,1000,1000,1000,1000,1000,574,610,784,969,556,571,766,992
343,0,712,0,1000,999,999,1000,1000,59,615,749,119,636,707,741,1000
344,765,786,910,1000,998,998,1000,1000,162,614,742,282,608,613,876,1000
345,390,653,413,902,999,999,1000,1000,557,615,825,906,711,777,814,949
346,588,635,758,1000,999,999,1000,1000,432,668,685,652,802,804,974,1000
347,755,780,910,975,999,999,1000,1000,361,674,415,680,691,870,702,1000
348,0,695,0,975,1000,1000,1000,1000,550,662,649,999,731,734,942,1000
349,0,829,0,968,1000,1000,1000,1000,217,681,533,360,538,582,668,997
350,750,760,968,983,999,999,1000,1000,488,675,540,995,591,597,838,1000
351,592,594,941,1000,1000,1000,1000,1000,402,593,760,651,509,509,832,1000
352,570,571,966,994,999,999,1000,1000,405,659,611,666,671,736,775,978
353,490,802,507,1000,1000,1000,1000,1000,482,612,781,765,871,885,954,1000
354,76,884,76,996,999,999,1000,1000,413,598,625,684,663,663,954,1000
355,44,642,44,1000,999,999,1000,1000,498,587,624,982,493,750,500,1000
356,590,592,940,1000,998,998,1000,1000,595,673,714,989,552,599,684,990
357,573,574,958,998,997,997,1000,1000,243,602,830,401,590,590,940,1000
358,540,546,902,1000,998,998,1000,1000,507,566,670,991,498,749,505,1000
359,397,664,416,1000,999,999,1000,1000,352,652,537,563,552,554,831,1000
360,536,594,706,1000,998,998,1000,1000,412,560,828,706,858,875,940,1000
361,489,803,508,1000,1000,1000,1000,1000,412,663,465,767,810,818,953,1000
362,584,633,759,959,999,999,1000,1000,531,670,686,810,772,797,875,1000
363,526,530,934,987,999,999,1000,1000,492,600,843,806,832,847,924,1000
364,492,796,508,1000,998,998,1000,1000,532,631,646,993,675,692,939,962
365,565,873,577,1000,1000,1000,1000,1000,592,608,840,992,737,737,972,1000
366,578,579,963,1000,1000,1000,1000,1000,428,643,464,958,512,515,844,980
367,537,594,706,1000,1000,1000,1000,1000,483,696,532,904,862,877,945,987
368,54,807,54,1000,1000,1000,1000,1000,281,613,805,469,834,846,966,983
369,364,606,397,1000,999,999,1000,1000,429,665,462,985,770,774,954,1000
370,44,677,44,998,999,999,1000,1000,509,670,686,771,596,673,707,957
371,733,795,840,981,999,999,1000,1000,496,696,557,900,702,873,711,1000
372,771,794,911,1000,998,998,1000,1000,518,651,616,872,505,590,578,999
373,55,809,55,1000,998,998,1000,1000,405,671,461,753,758,762,950,1000
374,55,815,55,991,1000,1000,1000,1000,556,592,759,989,749,802,824,1000
375,743,744,980,1000,1000,1000,1000,1000,532,573,802,919,630,630,943,1000
376,855,873,939,1000,1000,1000,1000,1000,559,577,808,986,465,516,576,995
377,0,694,0,983,1000,1000,1000,1000,545,554,851,981,666,737,767,1000
378,366,609,396,967,1000,1000,1000,1000,514,635,737,816,491,573,567,980
379,817,850,938,975,999,999,1000,1000,564,657,674,993,733,888,742,1000
380,839,858,935,1000,998,998,1000,1000,507,708,558,931,731,731,971,1000
381,78,890,78,998,1000,1000,1000,1000,533,590,710,957,713,774,808,997
382,491,799,509,1000,999,999,1000,1000,244,638,399,463,789,789,987,1000
383,55,815,55,1000,1000,1000,1000,1000,420,700,443,992,569,579,816,997
384,364,603,396,1000,1000,1000,1000,1000,484,697,533,915,549,595,680,996
385,722,724,982,1000,1000,1000,1000,1000,550,609,772,913,606,622,812,1000
386,366,610,396,1000,1000,1000,1000,1000,274,686,714,416,462,466,751,998
387,572,875,583,1000,1000,1000,1000,1000,262,608,781,416,831,834,974,1000
388,531,533,936,1000,1000,1000,1000,1000,82,606,770,141,493,493,820,998
389,614,634,842,1000,1000,1000,1000,1000,583,682,687,965,386,637,392,1000
390,46,676,46,964,1000,1000,1000,1000,419,698,539,678,568,613,878,898
391,760,786,904,1000,1000,1000,1000,1000,500,539,739,926,740,838,960,877
392,529,532,939,999,999,999,1000,1000,243,648,711,389,590,607,801,1000
393,492,807,509,1000,998,998,1000,1000,485,606,825,794,507,745,514,1000
394,604,626,840,1000,1000,1000,1000,1000,492,662,748,750,752,809,830,978
395,600,643,763,1000,999,999,1000,1000,149,681,609,258,590,807,599,1000
396,838,843,980,997,998,998,1000,1000,528,609,695,904,603,819,613,998
397,727,790,837,1000,1000,1000,1000,1000,352,683,539,548,800,810,953,1000
398,598,644,763,985,999,999,1000,1000,562,601,805,934,457,545,530,1000
399,535,591,707,1000,1000,1000,1000,1000,400,619,442,888,500,501,779,1000
400,0,644,0,1000,1000,1000,1000,1000,527,610,648,993,767,911,777,1000
401,566,880,581,904,999,999,1000,1000,438,702,483,813,618,638,817,1000
402,0,651,0,855,999,999,1000,1000,285,647,544,445,580,799,589,999
403,55,812,55,875,999,999,1000,1000,532,600,732,890,692,692,940,999
404,0,694,0,1000,1000,1000,1000,1000,584,657,716,979,666,703,807,997
405,43,688,43,1000,999,999,1000,1000,374,603,784,585,479,485,739,994
406,369,611,396,1000,1000,1000,1000,1000,581,599,843,987,661,726,757,999
407,369,611,399,997,999,999,1000,1000,419,609,710,676,709,720,884,1000
408,0,809,0,1000,999,999,1000,1000,494,628,750,801,808,834,904,1000
409,492,807,508,1000,1000,1000,1000,1000,463,679,539,754,746,809,818,998
410,531,533,934,1000,1000,1000,1000,1000,438,601,842,708,681,692,867,1000
411,78,901,78,1000,1000,1000,1000,1000,505,597,625,994,464,474,726,1000
412,367,609,395,1000,998,998,1000,1000,425,565,819,702,809,810,972,1000
413,850,853,990,1000,1000,1000,1000,1000,548,674,650,905,502,504,795,1000
414,46,677,46,1000,1000,1000,1000,1000,222,698,481,352,688,694,913,1000
415,398,667,417,1000,999,999,1000,1000,460,668,735,705,498,548,624,999
416,726,790,836,1000,999,999,1000,1000,530,564,757,957,742,768,848,1000
417,491,807,508,1000,1000,1000,1000,1000,478,617,711,745,734,892,743,1000
418,817,862,891,1000,999,999,1000,1000,548,629,771,878,729,732,954,1000
419,804,818,989,985,999,999,1000,1000,558,617,712,994,769,775,929,1000
420,56,819,56,1000,998,998,1000,1000,545,598,847,894,354,615,358,909
421,55,812,55,1000,1000,1000,1000,1000,423,683,492,720,748,748,975,1000
422,0,822,0,1000,999,999,1000,1000,549,625,752,867,574,588,787,1000
423,77,881,77,950,999,999,1000,1000,229,632,751,348,856,887,915,1000
424,543,548,901,1000,1000,1000,1000,1000,579,623,781,968,549,563,756,1000
425,0,654,0,1000,1000,1000,1000,1000,515,574,671,997,842,864,938,987
426,828,830,986,1000,999,999,1000,1000,517,615,625,965,800,800,989,1000
427,44,681,44,1000,999,999,1000,1000,178,707,555,280,592,671,686,999
428,573,876,583,988,997,997,1000,1000,434,659,466,991,806,808,970,1000
429,526,531,934,988,1000,1000,1000,1000,274,586,839,465,550,550,870,1000
430,492,804,509,1000,1000,1000,1000,1000,576,612,785,961,590,814,598,1000
431,776,797,911,1000,999,999,1000,1000,383,609,740,617,521,597,610,1000
432,45,625,45,984,998,998,1000,1000,513,578,671,922,277,621,616,480
433,55,809,55,970,1000,1000,1000,1000,396,567,775,601,539,555,834,959
434,724,787,835,1000,999,999,1000,1000,557,587,774,996,780,788,937,994
435,0,815,0,816,1000,1000,1000,1000,568,616,806,935,775,781,937,1000
436,0,825,0,1000,1000,1000,1000,1000,606,681,734,977,674,676,960,990
437,0,698,0,993,1000,1000,1000,1000,509,605,625,940,431,568,630,775
438,0,897,0,963,998,998,1000,1000,329,622,715,497,578,593,793,991
439,851,854,990,1000,999,999,1000,1000,414,646,446,993,516,520,804,992
440,718,777,834,1000,1000,1000,1000,1000,422,550,772,719,835,835,993,1000
441,0,886,0,1000,1000,1000,1000,1000,519,568,713,914,796,804,949,999
442,527,529,934,1000,1000,1000,1000,1000,378,693,441,670,789,792,961,1000
443,44,640,44,1000,999,999,1000,1000,552,666,686,880,784,809,879,1000
444,0,690,0,1000,998,998,1000,1000,271,630,739,416,835,837,976,1000
445,813,815,989,1000,1000,1000,1000,1000,419,567,713,704,712,771,803,1000
446,550,576,777,1000,1000,1000,1000,1000,452,693,480,988,865,877,973,986
447,77,893,77,1000,1000,1000,1000,1000,379,634,653,587,384,639,388,954
448,0,688,0,980,1000,1000,1000,1000,466,505,693,998,476,722,483,990
449,846,848,990,1000,997,997,1000,1000,302,588,758,446,535,546,746,994
450,549,579,776,1000,999,999,1000,1000,489,683,542,905,495,748,502,1000
451,601,645,761,1000,999,999,1000,1000,510,576,671,961,496,517,708,963
452,44,635,44,1000,1000,1000,1000,1000,377,641,399,989,653,659,896,999
453,764,787,909,1000,999,999,1000,1000,272,612,782,456,503,503,835,1000
454,496,814,511,1000,1000,1000,1000,1000,543,613,695,994,477,566,544,975
455,530,535,898,1000,999,999,1000,1000,503,578,625,993,849,884,913,987
456,598,644,759,1000,1000,1000,1000,1000,579,662,700,990,813,815,975,1000
457,492,810,508,1000,1000,1000,1000,1000,284,694,486,456,581,804,590,1000
458,564,564,964,1000,999,999,1000,1000,582,655,748,943,590,595,854,1000
459,596,640,759,1000,999,999,1000,1000,537,620,672,973,783,877,909,900
460,736,737,979,1000,998,998,1000,1000,531,629,647,984,805,807,968,995
461,527,529,938,1000,1000,1000,1000,1000,443,557,671,771,552,598,801,911
462,762,780,911,1000,999,999,1000,1000,514,573,672,940,428,700,455,868
463,719,805,836,951,1000,1000,1000,1000,555,620,751,910,544,587,677,999
464,45,680,45,1000,1000,1000,1000,1000,545,670,732,865,763,774,955,985
465,43,633,43,1000,1000,1000,1000,1000,395,632,439,825,605,771,956,773
466,837,855,938,1000,999,999,1000,1000,524,564,758,923,514,595,601,1000
467,819,867,938,953,999,999,1000,1000,405,638,442,994,612,631,819,1000
468,0,829,0,993,1000,1000,1000,1000,450,652,592,778,599,646,736,989
469,821,859,897,1000,999,999,1000,1000,388,706,487,661,694,875,703,998
470,525,527,936,999,1000,1000,1000,1000,434,621,595,702,494,498,753,996
471,818,820,989,1000,999,999,1000,1000,326,612,803,533,590,594,906,1000
472,546,576,771,1000,1000,1000,1000,1000,381,539,738,662,859,875,946,1000
473,598,640,762,1000,1000,1000,1000,1000,541,617,772,893,723,892,732,1000
474,573,874,582,1000,999,999,1000,1000,326,642,613,504,861,866,969,1000
475,600,622,833,995,1000,1000,1000,1000,406,610,817,657,861,865,973,1000
476,750,770,910,1000,999,999,1000,1000,398,674,493,668,598,638,738,992
477,570,880,580,987,997,997,1000,1000,413,687,446,831,882,895,954,998
478,595,640,758,1000,1000,1000,1000,1000,539,589,728,953,812,812,993,1000
479,0,665,0,1000,999,999,1000,1000,500,605,594,991,638,713,745,977
480,45,622,45,1000,998,998,1000,1000,379,583,757,612,864,898,917,998
481,0,653,0,998,999,999,1000,1000,548,654,706,853,747,767,926,971
482,540,545,900,1000,999,999,1000,1000,228,622,772,377,670,736,766,993
483,0,655,0,1000,999,999,1000,1000,436,673,493,784,694,707,874,1000
484,368,611,395,1000,998,998,1000,1000,480,576,671,830,635,635,944,994
485,841,857,938,1000,1000,1000,1000,1000,498,707,537,995,855,888,912,1000
486,607,628,835,1000,999,999,1000,1000,501,550,708,917,852,857,968,999
487,761,764,967,1000,999,999,1000,1000,291,591,760,451,749,821,847,938
488,491,810,507,1000,1000,1000,1000,1000,558,627,751,916,576,603,806,951
489,43,682,43,990,1000,1000,1000,1000,523,587,692,965,550,551,875,999
490,734,794,844,1000,1000,1000,1000,1000,500,630,708,790,407,659,417,1000
491,591,594,937,1000,999,999,1000,1000,381,564,758,632,774,782,935,1000
492,396,654,419,989,998,998,1000,1000,284,573,672,451,786,789,962,999
493,78,900,78,1000,1000,1000,1000,1000,339,655,398,660,505,584,585,970
494,0,697,0,1000,999,999,1000,1000,506,617,752,816,576,588,826,998
495,0,710,0,1000,999,999,1000,1000,394,675,413,989,635,690,912,907
496,597,601,940,1000,997,997,1000,1000,575,670,687,972,448,449,798,1000
497,840,845,980,998,1000,1000,1000,1000,335,665,688,493,616,633,819,1000
498,0,888,0,1000,999,999,1000,1000,361,685,416,700,681,891,732,885
499,809,847,892,1000,1000,1000,1000,1000,522,552,740,979,763,790,863,1000
500,580,891,585,994,998,998,1000,1000,578,636,741,984,482,563,545,995
501,757,781,903,1000,998,998,1000,1000,565,593,798,969,759,759,974,1000
502,611,630,842,1000,999,999,1000,1000,522,639,613,995,585,814,594,985
503,0,668,0,1000,999,999,1000,1000,382,625,444,760,770,774,955,1000
504,525,529,934,998,999,999,1000,1000,509,569,671,980,857,863,970,1000
505,364,604,397,1000,999,999,1000,1000,485,598,820,780,722,734,900,1000
506,44,632,44,998,999,999,1000,1000,585,624,771,995,826,848,915,1000
507,835,857,938,985,999,999,1000,1000,502,651,649,809,615,661,756,1000
508,0,646,0,1000,1000,1000,1000,1000,391,624,672,610,447,513,565,932
509,553,582,774,995,998,998,1000,1000,547,579,773,966,758,763,952,1000
510,533,587,706,999,1000,1000,1000,1000,422,623,463,998,809,830,909,1000
511,55,813,55,1000,1000,1000,1000,1000,544,605,841,891,767,767,978,1000
512,765,786,907,1000,998,998,1000,1000,509,611,623,913,846,880,908,1000
513,43,680,43,1000,1000,1000,1000,1000,532,647,670,862,827,850,915,999
514,841,843,988,1000,999,999,1000,1000,478,605,759,761,691,691,962,1000
515,44,679,44,1000,999,999,1000,1000,540,611,695,961,568,648,664,1000
516,829,834,978,1000,1000,1000,1000,1000,524,658,674,830,683,694,871,1000
517,558,587,777,1000,1000,1000,1000,1000,302,587,780,479,448,451,792,972
518,0,695,0,1000,999,999,1000,1000,514,605,624,951,786,835,855,1000
519,55,804,55,954,1000,1000,1000,1000,537,612,749,868,846,851,987,990
520,393,660,416,1000,999,999,1000,1000,500,578,622,999,612,617,881,1000
521,568,569,971,997,999,999,1000,1000,295,566,713,476,294,568,311,820
522,395,651,418,1000,999,999,1000,1000,462,606,709,721,678,686,912,989
523,542,598,707,1000,999,999,1000,1000,522,606,785,839,392,514,576,758
524,831,836,987,997,999,999,1000,1000,428,699,445,944,766,910,775,1000
525,0,656,0,999,998,998,1000,1000,469,697,610,770,785,788,964,1000
526,0,826,0,920,1000,1000,1000,1000,536,708,614,897,469,469,810,1000
527,745,746,980,1000,999,999,1000,1000,519,624,614,995,838,875,891,1000
528,0,648,0,1000,1000,1000,1000,1000,402,686,591,638,455,456,801,1000
529,0,818,0,1000,999,999,1000,1000,562,608,831,926,852,856,981,1000
530,604,626,841,1000,1000,1000,1000,1000,420,685,441,985,654,666,849,1000
531,574,881,583,980,999,999,1000,1000,395,669,414,997,707,708,947,1000
532,44,680,44,1000,998,998,1000,1000,495,703,534,992,691,692,966,1000
533,609,630,837,1000,1000,1000,1000,1000,503,620,592,987,774,780,956,1000
534,536,542,899,1000,1000,1000,1000,1000,262,672,733,413,769,796,870,1000
535,559,882,581,874,1000,1000,1000,1000,74,677,732,143,746,749,948,1000
536,726,727,979,1000,1000,1000,1000,1000,454,650,492,958,843,850,966,1000
537,43,679,43,1000,1000,1000,1000,1000,210,654,731,308,550,551,875,1000
538,768,790,910,993,1000,1000,1000,1000,105,703,613,172,668,705,801,1000
539,736,741,962,1000,999,999,1000,1000,523,589,805,862,815,817,977,1000
540,44,634,44,1000,999,999,1000,1000,236,686,541,349,356,608,357,999
541,535,541,898,1000,998,998,1000,1000,396,670,415,998,806,831,905,1000
542,718,793,840,951,1000,1000,1000,1000,516,605,626,981,656,849,670,998
543,573,881,582,990,1000,1000,1000,1000,138,618,844,234,602,618,812,1000
544,751,753,983,1000,1000,1000,1000,1000,486,679,716,734,498,504,748,1000
545,55,818,55,1000,1000,1000,1000,1000,372,682,538,581,636,642,897,1000
546,366,608,396,1000,1000,1000,1000,1000,319,587,774,495,515,526,781,970
547,579,890,587,1000,999,999,1000,1000,568,673,736,880,613,686,715,997
548,531,532,940,1000,998,998,1000,1000,344,610,714,537,369,621,371,999
549,543,549,900,1000,999,999,1000,1000,449,541,739,785,480,483,773,996
550,738,801,840,1000,999,999,1000,1000,477,639,649,767,593,631,729,992
551,55,815,55,1000,1000,1000,1000,1000,488,683,537,993,591,598,838,1000
552,45,626,45,1000,999,999,1000,1000,407,633,442,993,452,727,487,841
553,763,787,906,985,1000,1000,1000,1000,344,564,711,555,790,834,863,999
554,843,869,938,993,999,999,1000,1000,397,682,415,995,578,626,716,997
555,540,546,899,1000,1000,1000,1000,1000,394,660,413,945,566,572,834,999
556,738,857,936,866,1000,1000,1000,1000,540,642,738,871,759,786,866,1000
557,589,592,940,1000,1000,1000,1000,1000,367,642,701,525,504,525,852,925
558,536,543,898,1000,999,999,1000,1000,356,575,624,588,672,673,927,1000
559,0,710,0,1000,999,999,1000,1000,330,701,592,518,678,681,959,984
560,0,817,0,999,999,999,1000,1000,407,685,444,826,585,588,906,984
561,606,638,842,961,1000,1000,1000,1000,524,641,750,817,487,730,494,1000
562,366,610,396,1000,999,999,1000,1000,514,559,711,973,513,513,843,1000
563,781,863,938,917,999,999,1000,1000,486,692,612,785,604,681,703,1000
564,44,683,44,1000,999,999,1000,1000,549,574,772,995,614,615,926,996
565,534,534,942,1000,999,999,1000,1000,409,580,625,695,310,567,313,996
566,392,661,413,1000,999,999,1000,1000,529,630,685,880,623,631,870,990
567,582,583,935,1000,1000,1000,1000,1000,113,588,767,210,843,846,977,1000
568,541,547,901,1000,1000,1000,1000,1000,596,654,743,991,629,842,641,998
569,711,775,834,1000,1000,1000,1000,1000,377,645,397,950,656,656,954,1000
570,0,689,0,999,999,999,1000,1000,488,660,749,746,844,880,904,987
571,490,799,508,1000,999,999,1000,1000,375,641,397,987,661,664,922,1000
572,591,637,757,988,999,999,1000,1000,196,577,803,332,707,708,968,1000
573,738,740,969,1000,998,998,1000,1000,569,598,835,957,578,802,586,1000
574,369,609,396,979,1000,1000,1000,1000,155,700,588,243,744,755,913,999
575,488,798,504,1000,999,999,1000,1000,496,702,538,996,727,729,953,998
576,843,845,990,1000,1000,1000,1000,1000,401,687,615,628,638,709,743,1000
577,597,641,759,996,1000,1000,1000,1000,354,707,550,578,793,794,973,1000
578,44,680,44,1000,1000,1000,1000,1000,547,591,733,964,681,743,787,1000
579,591,593,938,1000,998,998,1000,1000,493,615,592,903,756,763,921,1000
580,493,807,508,993,997,997,1000,1000,454,675,492,843,578,677,959,833
581,756,757,972,1000,1000,1000,1000,1000,309,592,844,484,398,653,406,1000
582,522,524,936,1000,1000,1000,1000,1000,486,674,540,921,760,816,826,1000
583,471,525,664,1000,1000,1000,1000,1000,372,626,396,994,750,753,950,999
584,45,624,45,1000,999,999,1000,1000,599,660,742,991,506,512,758,1000
585,735,737,980,1000,1000,1000,1000,1000,433,543,712,731,738,749,909,1000
586,587,631,759,1000,999,999,1000,1000,215,583,803,336,799,824,891,1000
587,605,627,842,1000,999,999,1000,1000,428,637,646,687,497,514,702,997
588,527,529,936,1000,998,998,1000,1000,454,647,649,716,583,808,594,999
589,535,541,899,1000,1000,1000,1000,1000,437,654,649,683,655,663,893,1000
590,821,823,990,1000,1000,1000,1000,1000,549,580,806,939,481,726,489,1000
591,492,812,505,1000,999,999,1000,1000,437,605,626,699,532,611,623,991
592,857,877,939,1000,1000,1000,1000,1000,489,682,534,982,502,504,787,999
593,43,633,43,979,1000,1000,1000,1000,505,687,587,869,842,842,992,1000
594,846,863,941,1000,1000,1000,1000,1000,252,703,537,418,323,580,325,997
595,595,599,942,1000,999,999,1000,1000,423,697,443,991,403,666,410,976
596,553,580,775,999,998,998,1000,1000,440,551,741,750,525,581,664,940
597,371,611,398,1000,998,998,1000,1000,514,608,822,848,875,888,952,1000
598,76,869,76,979,999,999,1000,1000,431,610,836,700,714,892,722,969
599,569,569,963,999,999,999,1000,1000,528,649,614,993,676,677,928,998
600,757,759,971,1000,1000,1000,1000,1000,428,612,772,677,563,637,654,1000
601,720,784,838,1000,1000,1000,1000,1000,491,649,609,819,713,768,807,1000
602,0,887,0,1000,1000,1000,1000,1000,373,708,537,592,766,766,976,1000
603,0,824,0,982,999,999,1000,1000,454,614,716,695,712,751,825,999
604,0,645,0,993,1000,1000,1000,1000,281,637,711,452,738,767,847,996
605,567,570,962,989,997,997,1000,1000,257,648,687,375,625,843,645,931
606,719,776,839,1000,1000,1000,1000,1000,480,587,694,807,685,867,696,1000
607,528,529,934,1000,999,999,1000,1000,534,627,646,967,801,818,954,979
608,563,564,956,1000,998,998,1000,1000,431,656,464,910,834,838,975,1000
609,531,533,939,1000,1000,1000,1000,1000,560,618,712,977,502,584,575,964
610,749,752,985,997,998,998,1000,1000,494,688,547,903,447,531,521,997
611,55,811,55,983,999,999,1000,1000,370,558,757,616,621,628,864,991
612,598,599,946,1000,1000,1000,1000,1000,420,688,444,878,317,576,318,1000
613,588,591,940,1000,997,997,1000,1000,418,680,442,895,667,855,680,1000
614,368,606,396,1000,999,999,1000,1000,565,590,800,972,845,848,980,1000
615,597,642,762,1000,999,999,1000,1000,481,552,849,838,604,677,708,992
616,530,533,940,1000,1000,1000,1000,1000,557,611,751,933,492,573,558,983
617,822,854,936,977,999,999,1000,1000,588,674,733,940,770,771,968,1000
618,366,608,396,1000,999,999,1000,1000,368,638,397,867,696,698,944,1000
619,580,887,587,1000,999,999,1000,1000,590,627,786,980,445,701,453,997
620,0,694,0,1000,1000,1000,1000,1000,367,613,806,580,546,549,873,999
621,558,587,775,995,1000,1000,1000,1000,523,592,707,914,618,624,855,1000
622,614,635,842,981,999,999,1000,1000,562,591,776,992,470,597,582,814
623,849,852,980,1000,1000,1000,1000,1000,481,581,672,834,497,747,504,971
624,0,643,0,1000,1000,1000,1000,1000,504,641,675,800,853,890,954,957
625,55,812,55,1000,1000,1000,1000,1000,585,675,711,951,648,662,842,1000
626,566,566,963,1000,999,999,1000,1000,433,643,676,661,766,838,856,945
627,738,799,845,980,999,999,1000,1000,44,713,560,77,410,669,418,1000
628,727,795,836,978,998,998,1000,1000,317,661,611,514,562,564,890,1000
629,494,804,510,1000,1000,1000,1000,1000,576,608,782,986,847,851,976,1000
630,533,587,706,1000,998,998,1000,1000,554,584,771,983,671,672,956,1000
631,835,837,990,1000,1000,1000,1000,1000,212,627,806,342,548,552,825,1000
632,0,593,0,1000,999,999,1000,1000,538,640,674,902,543,548,821,991
633,615,636,844,1000,1000,1000,1000,1000,219,590,781,370,461,550,526,995
634,0,691,0,1000,999,999,1000,1000,427,585,844,700,447,448,798,998
635,0,822,0,1000,999,999,1000,1000,495,690,534,976,739,799,817,1000
636,0,821,0,890,999,999,1000,1000,349,591,623,582,776,777,981,999
637,0,658,0,1000,1000,1000,1000,1000,473,636,737,740,781,811,878,1000
638,812,856,890,1000,1000,1000,1000,1000,582,616,782,995,801,805,975,991
639,729,826,988,884,999,999,1000,1000,405,611,802,661,774,774,980,1000
640,0,685,0,1000,999,999,1000,1000,503,603,751,831,849,851,987,1000
641,539,543,900,1000,1000,1000,1000,1000,497,602,692,843,713,734,900,972
642,76,891,76,1000,1000,1000,1000,1000,504,600,783,832,477,732,484,1000
643,796,798,989,1000,999,999,1000,1000,478,617,806,777,742,743,955,1000
644,747,749,981,1000,998,998,1000,1000,516,670,731,789,577,579,899,1000
645,43,641,43,1000,998,998,1000,1000,209,674,414,357,864,894,917,1000
646,845,847,989,1000,1000,1000,1000,1000,547,594,733,995,569,570,889,1000
647,741,742,979,1000,1000,1000,1000,1000,462,598,712,731,828,831,975,1000
648,840,844,977,1000,999,999,1000,1000,538,603,694,988,606,606,924,1000
649,489,794,507,1000,1000,1000,1000,1000,187,655,741,307,672,712,813,1000
650,530,532,934,999,999,999,1000,1000,563,609,750,993,793,839,857,1000
651,539,546,898,985,1000,1000,1000,1000,394,672,413,989,799,802,965,1000
652,595,632,838,953,1000,1000,1000,1000,490,681,539,994,634,641,877,1000
653,757,761,965,1000,997,997,1000,1000,238,682,541,370,580,594,855,962
654,609,631,836,1000,1000,1000,1000,1000,451,550,708,765,753,754,960,1000
655,553,582,781,1000,999,999,1000,1000,460,710,486,977,245,625,369,533
656,78,898,78,1000,999,999,1000,1000,496,703,596,828,576,651,669,980
657,728,733,964,1000,1000,1000,1000,1000,471,583,669,807,558,559,890,1000
658,586,631,758,999,999,999,1000,1000,384,615,771,634,778,778,984,1000
659,595,643,757,1000,999,999,1000,1000,498,617,590,972,839,842,984,999
660,0,812,0,883,998,998,1000,1000,203,675,493,302,627,633,873,999
661,583,583,968,1000,999,999,1000,1000,563,590,783,991,497,511,708,1000
662,795,823,976,967,1000,1000,1000,1000,530,609,840,856,788,789,972,1000
663,848,851,982,1000,1000,1000,1000,1000,396,681,719,604,489,506,694,1000
664,833,849,936,1000,997,997,1000,1000,452,715,535,780,806,806,989,1000
665,391,654,413,1000,999,999,1000,1000,432,536,736,761,546,602,915,882
666,571,870,583,992,1000,1000,1000,1000,403,550,741,676,728,805,877,910
667,44,676,44,990,1000,1000,1000,1000,291,628,646,441,740,740,974,1000
668,0,827,0,1000,998,998,1000,1000,398,682,415,978,582,597,917,951
669,762,768,970,994,1000,1000,1000,1000,582,675,687,994,604,678,713,1000
670,0,646,0,1000,999,999,1000,1000,488,666,539,972,775,782,936,1000
671,399,667,417,1000,1000,1000,1000,1000,434,554,756,733,479,728,499,918
672,364,603,396,1000,999,999,1000,1000,282,703,484,441,545,550,818,1000
673,76,885,76,793,999,999,1000,1000,367,651,400,788,760,761,964,1000
674,0,824,0,1000,999,999,1000,1000,253,689,720,392,392,658,406,863
675,493,813,508,1000,999,999,1000,1000,484,706,544,829,345,601,347,997
676,835,858,937,988,1000,1000,1000,1000,544,647,650,929,572,805,580,987
677,545,551,900,1000,999,999,1000,1000,401,634,438,911,447,447,787,1000
678,580,590,937,980,1000,1000,1000,1000,133,624,781,242,842,846,966,1000
679,604,626,837,987,1000,1000,1000,1000,510,543,755,933,688,688,962,1000
680,78,887,78,838,999,999,1000,1000,381,699,443,727,755,755,973,1000
681,43,639,43,1000,1000,1000,1000,1000,231,643,670,331,604,669,930,870
682,0,688,0,954,999,999,1000,1000,540,644,646,983,824,826,974,1000
683,811,853,892,1000,999,999,1000,1000,539,570,758,998,705,742,825,1000
684,589,593,935,1000,999,999,1000,1000,570,650,701,962,812,812,990,1000
685,803,840,977,961,998,998,1000,1000,513,564,770,897,635,646,905,975
686,537,544,900,1000,999,999,1000,1000,388,690,540,614,694,706,873,999
687,532,537,900,1000,999,999,1000,1000,554,593,841,936,723,886,733,1000
688,824,880,892,973,1000,1000,1000,1000,462,710,484,971,713,725,893,1000
689,840,842,990,1000,999,999,1000,1000,386,615,694,599,537,771,543,1000
690,0,691,0,979,1000,1000,1000,1000,421,648,649,653,492,493,787,1000
691,847,849,991,1000,998,998,1000,1000,550,683,718,834,516,583,647,916
692,368,611,395,993,995,995,1000,1000,402,629,436,984,854,884,914,1000
693,611,632,837,1000,999,999,1000,1000,451,642,728,701,573,587,835,968
694,537,544,897,1000,1000,1000,1000,1000,455,662,492,897,678,862,928,793
695,491,804,505,972,1000,1000,1000,1000,456,701,483,970,619,660,768,1000
696,0,687,0,1000,998,998,1000,1000,558,646,729,911,747,760,954,973
697,527,529,940,1000,999,999,1000,1000,418,612,712,666,484,574,547,976
698,395,651,418,996,999,999,1000,1000,497,609,782,786,794,801,946,1000
699,848,867,938,996,999,999,1000,1000,491,615,739,807,696,737,820,1000
700,596,600,944,990,998,998,1000,1000,489,598,734,803,312,568,314,992
701,397,659,418,1000,1000,1000,1000,1000,352,697,483,590,502,747,509,1000
702,492,808,509,997,999,999,1000,1000,420,693,440,979,658,659,949,1000
703,812,850,893,996,1000,1000,1000,1000,484,612,626,835,816,842,909,1000
704,841,868,938,981,999,999,1000,1000,422,606,761,676,486,486,821,1000
705,391,654,413,1000,999,999,1000,1000,437,575,669,702,684,748,780,999
706,0,651,0,1000,1000,1000,1000,1000,508,571,673,998,682,875,709,939
707,599,624,835,984,999,999,1000,1000,439,613,706,708,556,566,809,996
708,56,820,56,1000,998,998,1000,1000,227,676,733,365,722,746,912,956
709,78,881,78,998,998,998,1000,1000,331,603,839,515,798,798,988,1000
710,369,609,396,1000,1000,1000,1000,1000,537,673,611,989,574,617,710,1000
711,728,796,834,998,999,999,1000,1000,509,670,686,785,770,780,939,990
712,556,868,584,846,998,998,1000,1000,392,602,806,644,683,690,911,1000
713,364,605,397,1000,1000,1000,1000,1000,464,613,803,744,640,669,906,947
714,44,632,44,1000,999,999,1000,1000,406,684,438,810,815,825,956,993
715,0,897,0,1000,999,999,1000,1000,546,658,751,845,677,743,776,1000
716,845,850,978,1000,1000,1000,1000,1000,462,678,493,988,787,821,877,998
717,492,796,510,969,998,998,1000,1000,540,631,739,881,783,785,969,1000
718,0,814,0,1000,999,999,1000,1000,467,599,842,751,865,871,971,1000
719,730,800,834,1000,1000,1000,1000,1000,550,643,737,898,863,877,945,990
720,830,873,894,1000,1000,1000,1000,1000,400,689,417,989,721,887,730,998
721,730,793,843,1000,1000,1000,1000,1000,517,595,651,956,470,552,537,985
722,833,860,936,982,999,999,1000,1000,547,581,757,970,655,659,921,993
723,0,658,0,1000,999,999,1000,1000,433,680,493,782,461,469,723,999
724,44,635,44,1000,1000,1000,1000,1000,514,710,555,992,529,545,743,1000
725,842,844,990,1000,998,998,1000,1000,503,592,841,827,583,591,836,1000
726,0,903,0,997,999,999,1000,1000,533,642,650,907,532,607,620,1000
727,533,589,707,1000,999,999,1000,1000,469,662,705,715,574,651,664,1000
728,598,642,759,1000,999,999,1000,1000,559,597,758,997,777,827,844,1000
729,544,548,902,1000,1000,1000,1000,1000,388,708,533,648,707,763,808,998
730,548,578,773,1000,999,999,1000,1000,478,599,759,773,526,608,604,1000
731,392,653,415,992,999,999,1000,1000,365,572,801,590,711,712,967,998
732,824,870,893,1000,1000,1000,1000,1000,523,572,712,980,547,560,832,969
733,542,542,978,1000,1000,1000,1000,1000,529,650,614,969,608,616,850,1000
734,76,876,76,920,1000,1000,1000,1000,517,577,672,991,350,606,353,977
735,755,760,963,1000,1000,1000,1000,1000,540,636,649,996,838,858,922,1000
736,758,779,907,1000,1000,1000,1000,1000,555,604,750,934,795,842,907,954
737,587,590,940,997,1000,1000,1000,1000,542,609,825,888,522,524,807,1000
738,761,767,967,1000,1000,1000,1000,1000,522,641,613,918,548,563,834,958
739,542,548,898,1000,999,999,1000,1000,536,567,756,989,543,549,801,1000
740,543,598,707,1000,998,998,1000,1000,493,585,824,831,513,516,804,992
741,0,815,0,949,999,999,1000,1000,539,576,759,929,769,801,864,1000
742,824,860,982,963,1000,1000,1000,1000,560,637,788,897,331,591,333,1000
743,604,627,838,1000,1000,1000,1000,1000,417,615,589,677,866,879,946,1000
744,45,683,45,1000,999,999,1000,1000,418,671,490,755,526,560,880,896
745,840,842,989,1000,1000,1000,1000,1000,525,567,731,948,532,532,862,1000
746,76,899,76,998,999,999,1000,1000,375,664,613,565,507,510,798,990
747,55,819,55,978,1000,1000,1000,1000,536,588,825,877,577,658,676,1000
748,758,782,905,1000,998,998,1000,1000,403,631,437,971,864,867,985,1000
749,371,612,398,1000,998,998,1000,1000,379,633,612,601,870,875,975,1000
750,595,640,758,1000,999,999,1000,1000,531,572,816,904,783,784,971,1000
751,55,813,55,1000,999,999,1000,1000,524,610,749,853,738,738,970,1000
752,542,548,901,1000,1000,1000,1000,1000,504,548,711,981,483,500,682,1000
753,364,606,397,1000,1000,1000,1000,1000,425,540,736,740,642,642,948,999
754,541,547,901,1000,999,999,1000,1000,381,600,625,631,506,510,767,1000
755,858,863,979,1000,999,999,1000,1000,471,554,712,832,501,505,755,997
756,823,871,891,994,998,998,1000,1000,328,678,715,484,654,659,914,1000
757,539,594,706,1000,1000,1000,1000,1000,435,631,748,683,862,877,942,1000
758,0,885,0,925,1000,1000,1000,1000,533,597,734,903,718,720,950,1000
759,45,687,45,1000,1000,1000,1000,1000,528,647,614,999,800,854,863,979
760,550,581,774,1000,997,997,1000,1000,389,674,414,845,568,576,820,1000
761,76,882,76,994,1000,1000,1000,1000,403,600,731,635,829,829,991,1000
762,0,904,0,1000,999,999,1000,1000,436,681,465,878,478,567,544,1000
763,78,894,78,1000,999,999,1000,1000,374,650,397,862,704,746,822,998
764,56,821,56,886,999,999,1000,1000,243,672,611,374,743,743,973,1000
765,567,568,958,1000,997,997,1000,1000,512,547,738,963,851,870,938,988
766,818,860,894,1000,999,999,1000,1000,534,616,751,856,874,888,947,1000
767,598,645,762,996,999,999,1000,1000,367,674,413,719,746,776,852,1000
768,732,734,983,1000,999,999,1000,1000,497,582,836,815,480,562,551,1000
769,76,891,76,1000,1000,1000,1000,1000,365,644,650,553,520,521,849,996
770,761,783,910,992,999,999,1000,1000,535,578,733,999,480,726,486,1000
771,811,836,936,975,1000,1000,1000,1000,485,655,711,767,742,742,974,999
772,0,821,0,1000,999,999,1000,1000,543,606,784,916,817,840,910,996
773,78,895,78,1000,999,999,1000,1000,575,665,711,927,524,526,806,1000
774,743,748,961,997,999,999,1000,1000,254,664,492,391,834,836,983,1000
775,571,876,580,964,999,999,1000,1000,520,549,757,967,628,842,637,1000
776,45,685,45,1000,998,998,1000,1000,379,707,485,614,474,487,741,963
777,573,884,581,999,1000,1000,1000,1000,582,663,707,958,546,551,819,1000
778,734,735,980,1000,999,999,1000,1000,507,549,711,974,647,651,914,1000
779,0,698,0,1000,999,999,1000,1000,210,602,847,324,408,673,417,999
780,545,602,708,1000,1000,1000,1000,1000,503,540,740,935,650,669,846,974
781,543,597,707,1000,1000,1000,1000,1000,395,698,480,673,617,639,944,944
782,841,858,938,1000,1000,1000,1000,1000,507,598,773,853,512,525,790,961
783,571,878,581,1000,1000,1000,1000,1000,337,619,595,535,695,769,811,937
784,730,796,836,1000,997,997,1000,1000,316,623,771,483,661,686,860,960
785,0,894,0,1000,1000,1000,1000,1000,553,624,774,890,676,689,868,1000
786,538,544,898,1000,999,999,1000,1000,555,584,773,991,582,613,927,920
787,0,658,0,1000,999,999,1000,1000,419,692,441,962,728,784,816,1000
788,0,698,0,907,1000,1000,1000,1000,369,659,416,725,474,530,587,997
789,0,823,0,1000,1000,1000,1000,1000,547,685,732,835,466,466,808,1000
790,394,660,415,1000,1000,1000,1000,1000,400,627,441,830,543,590,675,993
791,540,545,901,1000,999,999,1000,1000,376,635,750,578,467,477,757,959
792,554,584,779,1000,1000,1000,1000,1000,527,557,755,992,537,616,631,1000
793,741,744,968,1000,999,999,1000,1000,495,600,806,825,751,904,761,1000
794,0,816,0,1000,1000,1000,1000,1000,480,663,737,724,856,860,968,1000
795,0,656,0,954,999,999,1000,1000,532,593,714,911,514,517,803,987
796,538,546,903,985,1000,1000,1000,1000,502,617,598,998,379,637,382,994
797,567,872,578,965,998,998,1000,1000,555,609,832,908,876,889,950,1000
798,392,656,413,1000,1000,1000,1000,1000,283,670,684,406,757,771,957,975
799,491,808,504,1000,1000,1000,1000,1000,515,612,749,835,644,645,949,992
800,745,747,983,1000,1000,1000,1000,1000,558,629,751,926,439,440,792,999
801,586,588,939,1000,999,999,1000,1000,329,577,781,513,605,622,812,1000
802,535,591,707,1000,999,999,1000,1000,474,610,750,767,601,606,876,1000
803,555,584,777,1000,1000,1000,1000,1000,427,657,464,997,563,564,881,1000
804,0,905,0,1000,998,998,1000,1000,411,644,441,985,528,546,744,991
805,724,792,834,1000,1000,1000,1000,1000,533,581,775,896,776,795,970,970
806,579,890,583,1000,999,999,1000,1000,288,586,837,471,444,537,518,956
807,369,610,399,1000,999,999,1000,1000,220,616,736,362,727,737,902,1000
808,739,744,962,1000,998,998,1000,1000,74,680,712,143,840,844,975,1000
809,43,681,43,1000,1000,1000,1000,1000,181,677,712,286,597,675,696,1000
810,751,753,985,1000,1000,1000,1000,1000,216,597,806,334,386,641,390,988
811,78,879,78,1000,998,998,1000,1000,436,683,487,808,840,873,903,1000
812,367,611,395,1000,998,998,1000,1000,449,647,613,720,688,691,942,1000
813,56,815,56,1000,1000,1000,1000,1000,224,602,753,357,524,761,529,974
814,849,851,981,1000,1000,1000,1000,1000,403,625,754,593,472,714,483,1000
815,0,665,0,1000,1000,1000,1000,1000,511,571,756,868,733,809,970,897
816,0,826,0,1000,999,999,1000,1000,539,620,678,923,423,676,432,1000
817,0,827,0,1000,999,999,1000,1000,506,724,539,947,348,611,351,999
818,549,578,776,1000,997,997,1000,1000,344,672,460,601,491,575,566,1000
819,55,814,55,1000,1000,1000,1000,1000,581,609,807,985,665,730,761,1000
820,574,574,965,1000,998,998,1000,1000,532,649,704,835,489,490,818,1000
821,598,642,759,1000,1000,1000,1000,1000,375,646,397,999,834,856,920,1000
822,751,755,965,1000,1000,1000,1000,1000,520,671,712,813,718,729,893,1000
823,0,710,0,982,999,999,1000,1000,450,654,491,920,570,571,888,1000
824,78,889,78,824,999,999,1000,1000,538,604,713,914,763,771,930,1000
825,564,569,965,977,1000,1000,1000,1000,536,595,843,896,618,660,768,978
826,0,817,0,968,999,999,1000,1000,76,618,777,147,573,650,670,999
827,847,850,978,1000,999,999,1000,1000,184,678,716,300,611,617,873,1000
828,822,850,935,977,1000,1000,1000,1000,495,606,759,801,805,807,970,998
829,0,658,0,996,1000,1000,1000,1000,559,676,650,997,529,532,787,1000
830,756,780,912,989,999,999,1000,1000,272,689,618,429,315,579,317,1000
831,533,539,899,997,1000,1000,1000,1000,500,584,729,855,653,671,958,951
832,535,591,707,1000,1000,1000,1000,1000,162,706,591,264,699,761,795,998
833,43,639,43,1000,999,999,1000,1000,515,619,749,821,786,833,856,1000
834,593,597,940,986,999,999,1000,1000,429,606,712,684,593,598,866,1000
835,55,811,55,1000,999,999,1000,1000,394,614,438,835,711,879,721,1000
836,820,869,889,1000,1000,1000,1000,1000,459,707,483,944,790,790,985,1000
837,522,523,933,1000,999,999,1000,1000,518,631,614,993,821,833,974,979
838,493,800,509,1000,1000,1000,1000,1000,300,598,758,455,757,909,768,1000
839,536,542,899,1000,1000,1000,1000,1000,589,656,752,952,535,539,798,1000
840,588,592,936,1000,1000,1000,1000,1000,505,554,730,915,834,838,975,1000
841,839,881,900,983,1000,1000,1000,1000,496,672,541,992,492,586,586,905
842,540,545,900,1000,1000,1000,1000,1000,543,601,833,908,722,780,809,1000
843,541,547,898,1000,999,999,1000,1000,562,581,805,994,760,789,858,1000
844,838,842,976,1000,998,998,1000,1000,423,658,443,935,802,802,989,1000
845,765,788,909,1000,1000,1000,1000,1000,491,705,535,930,519,574,640,1000
846,553,581,777,1000,1000,1000,1000,1000,548,612,823,880,559,603,689,987
847,597,641,763,1000,999,999,1000,1000,257,682,613,409,607,813,617,1000
848,599,644,760,1000,999,999,1000,1000,499,647,675,774,697,759,793,999
849,576,887,583,1000,1000,1000,1000,1000,424,701,443,934,611,651,756,1000
850,0,693,0,990,999,999,1000,1000,492,574,673,863,620,733,764,876
851,709,710,979,1000,999,999,1000,1000,518,639,613,912,808,814,970,991
852,494,808,508,1000,996,996,1000,1000,475,618,598,812,473,714,480,1000
853,744,768,904,1000,1000,1000,1000,1000,575,610,782,970,691,699,938,977
854,591,593,939,1000,999,999,1000,1000,500,581,626,936,631,896,746,784
855,855,876,938,1000,999,999,1000,1000,375,703,486,637,459,465,721,1000
856,45,684,45,1000,1000,1000,1000,1000,440,577,671,721,418,461,739,870
857,610,634,835,1000,1000,1000,1000,1000,469,600,621,787,633,660,838,961
858,528,530,934,1000,1000,1000,1000,1000,534,598,689,978,739,748,949,981
859,733,738,962,999,999,999,1000,1000,546,594,732,998,618,618,927,1000
860,368,612,395,1000,1000,1000,1000,1000,500,607,596,948,593,812,604,1000
861,601,645,761,1000,1000,1000,1000,1000,577,601,842,976,466,484,671,1000
862,758,780,906,1000,999,999,1000,1000,538,592,803,906,837,872,897,1000
863,734,802,836,1000,999,999,1000,1000,475,693,533,836,620,636,822,1000
864,0,904,0,1000,999,999,1000,1000,414,642,445,912,588,624,937,917
865,818,861,980,953,1000,1000,1000,1000,497,616,826,804,530,578,658,1000
866,590,634,760,1000,999,999,1000,1000,274,643,397,541,616,622,891,1000
867,0,826,0,895,1000,1000,1000,1000,272,624,785,444,696,709,876,999
868,564,564,957,1000,1000,1000,1000,1000,494,521,740,956,836,846,986,981
869,831,877,895,1000,1000,1000,1000,1000,607,675,751,977,552,558,804,1000
870,0,818,0,961,1000,1000,1000,1000,447,575,821,728,791,797,947,1000
871,55,825,55,1000,1000,1000,1000,1000,522,587,775,865,509,562,631,1000
872,393,657,416,1000,1000,1000,1000,1000,295,659,414,521,833,838,975,996
873,833,851,936,1000,1000,1000,1000,1000,342,681,416,649,547,592,905,890
874,0,907,0,1000,999,999,1000,1000,386,639,444,758,442,539,522,921
875,552,582,776,1000,999,999,1000,1000,416,682,438,968,744,811,977,905
876,547,574,773,1000,998,998,1000,1000,498,527,739,990,837,838,992,999
877,545,601,707,1000,997,997,1000,1000,416,686,440,974,856,873,973,980
878,525,527,936,1000,1000,1000,1000,1000,455,655,492,945,571,582,818,996
879,45,690,45,1000,999,999,1000,1000,457,705,483,995,585,805,597,1000
880,727,803,839,955,999,999,1000,1000,526,574,758,912,576,622,706,999
881,586,588,939,1000,1000,1000,1000,1000,332,558,709,539,756,764,920,1000
882,396,652,419,1000,999,999,1000,1000,576,598,804,986,595,636,741,1000
883,833,836,978,1000,999,999,1000,1000,570,610,762,998,687,871,698,987
884,577,577,968,1000,1000,1000,1000,1000,592,666,740,940,608,681,709,999
885,559,588,777,1000,998,998,1000,1000,506,600,623,956,478,485,729,997
886,745,778,911,963,999,999,1000,1000,308,525,645,570,520,567,646,997
887,0,816,0,932,1000,1000,1000,1000,541,611,693,980,566,737,953,763
888,549,579,775,1000,1000,1000,1000,1000,555,622,702,965,610,647,753,999
889,0,658,0,1000,1000,1000,1000,1000,356,610,750,560,816,842,906,1000
890,604,625,843,1000,1000,1000,1000,1000,297,629,707,448,511,754,518,1000
891,0,697,0,1000,999,999,1000,1000,435,684,610,705,802,843,864,997
892,839,880,900,1000,1000,1000,1000,1000,535,559,778,969,453,540,521,995
893,821,866,893,1000,997,997,1000,1000,577,684,687,908,799,845,863,1000
894,599,643,762,1000,999,999,1000,1000,491,678,543,995,519,540,737,969
895,769,791,909,1000,999,999,1000,1000,512,555,715,933,714,747,827,999
896,749,754,963,1000,999,999,1000,1000,459,633,646,724,677,679,930,1000
897,599,642,760,1000,999,999,1000,1000,418,657,491,758,786,788,970,1000
898,821,860,896,1000,1000,1000,1000,1000,387,651,676,580,772,913,781,1000
899,550,580,776,1000,999,999,1000,1000,461,545,707,807,797,814,954,974
900,747,749,982,1000,997,997,1000,1000,585,682,732,926,511,518,837,960
901,43,690,43,1000,1000,1000,1000,1000,457,711,483,922,584,808,594,1000
902,733,735,969,1000,999,999,1000,1000,516,572,672,991,409,669,419,975
903,742,742,979,1000,999,999,1000,1000,550,616,770,923,800,802,973,1000
904,45,682,45,1000,998,998,1000,1000,384,622,781,608,648,690,789,1000
905,611,636,835,1000,999,999,1000,1000,377,637,397,992,675,687,868,1000
906,733,736,981,1000,1000,1000,1000,1000,581,665,732,938,604,609,877,1000
907,55,812,55,1000,999,999,1000,1000,80,659,750,149,791,795,963,1000
908,56,818,56,1000,998,998,1000,1000,529,677,685,820,600,601,921,999
909,596,643,757,1000,1000,1000,1000,1000,363,585,798,538,700,701,943,1000
910,733,733,978,1000,1000,1000,1000,1000,333,572,829,569,866,870,984,1000
911,533,588,707,1000,999,999,1000,1000,465,593,803,751,713,773,808,998
912,565,566,959,1000,999,999,1000,1000,427,635,647,684,764,764,976,1000
913,43,678,43,1000,1000,1000,1000,1000,220,632,741,351,538,617,621,979
914,828,871,897,1000,999,999,1000,1000,431,669,463,992,550,595,796,906
915,44,682,44,1000,1000,1000,1000,1000,255,666,438,425,450,560,530,923
916,610,634,842,1000,1000,1000,1000,1000,207,665,493,326,674,739,771,999
917,78,887,78,996,1000,1000,1000,1000,513,558,711,945,748,758,916,1000
918,76,878,76,1000,1000,1000,1000,1000,452,704,484,871,777,804,872,1000
919,606,631,837,998,999,999,1000,1000,263,667,738,411,539,541,870,984
920,54,811,54,1000,1000,1000,1000,1000,398,660,491,683,822,865,885,989
921,547,576,773,1000,1000,1000,1000,1000,517,637,706,870,793,795,973,1000
922,752,757,964,1000,999,999,1000,1000,327,671,748,489,744,745,958,1000
923,542,548,899,1000,999,999,1000,1000,133,710,535,218,452,453,797,998
924,56,821,56,1000,998,998,1000,1000,332,689,540,516,557,570,775,1000
925,372,614,398,1000,999,999,1000,1000,514,600,822,838,580,581,905,1000
926,854,856,991,1000,999,999,1000,1000,522,627,674,872,545,576,768,934
927,0,713,0,1000,999,999,1000,1000,259,574,834,398,491,540,619,1000
928,757,777,911,1000,999,999,1000,1000,402,598,846,650,372,622,374,1000
929,728,794,837,1000,999,999,1000,1000,535,572,731,966,664,701,809,995
930,747,750,982,1000,999,999,1000,1000,486,654,648,780,553,556,833,994
931,598,621,835,1000,999,999,1000,1000,574,596,834,973,764,773,925,983
932,0,693,0,999,998,998,1000,1000,563,600,810,949,605,821,616,1000
933,43,647,43,997,1000,1000,1000,1000,558,601,840,930,462,467,755,990
934,533,587,706,1000,1000,1000,1000,1000,118,670,534,210,750,799,826,1000
935,369,612,399,1000,999,999,1000,1000,409,681,443,834,607,623,816,998
936,529,532,939,1000,999,999,1000,1000,425,643,463,989,532,536,857,977
937,0,891,0,999,999,999,1000,1000,421,693,442,935,813,818,970,1000
938,0,654,0,997,1000,1000,1000,1000,336,653,649,510,535,615,616,996
939,0,698,0,1000,999,999,1000,1000,496,620,674,813,545,583,776,922
940,743,747,962,1000,1000,1000,1000,1000,530,610,750,856,858,863,980,1000
941,541,596,707,1000,998,998,1000,1000,501,529,738,962,621,834,635,973
942,547,572,776,1000,999,999,1000,1000,193,670,730,312,738,740,956,1000
943,0,825,0,970,999,999,1000,1000,546,602,785,899,625,707,740,954
944,581,897,586,996,998,998,1000,1000,346,703,446,610,294,566,295,999
945,0,830,0,1000,1000,1000,1000,1000,539,606,693,990,550,554,834,1000
946,850,853,979,1000,999,999,1000,1000,548,593,779,921,494,742,501,1000
947,600,621,835,1000,999,999,1000,1000,67,599,844,126,765,789,870,998
948,0,824,0,1000,998,998,1000,1000,492,695,537,931,737,894,747,1000
949,372,614,398,1000,1000,1000,1000,1000,543,592,735,945,464,708,473,999
950,851,856,977,1000,1000,1000,1000,1000,399,682,418,998,605,611,874,1000
951,0,713,0,1000,999,999,1000,1000,416,604,761,650,390,651,398,1000
952,364,601,396,1000,1000,1000,1000,1000,446,589,805,720,650,655,914,1000
953,586,589,939,995,998,998,1000,1000,532,693,594,934,616,621,885,1000
954,366,607,396,1000,999,999,1000,1000,503,542,711,999,819,821,977,1000
955,592,594,938,1000,999,999,1000,1000,547,590,733,989,695,869,705,1000
956,748,753,965,999,998,998,1000,1000,407,632,438,912,693,699,910,1000
957,43,685,43,1000,998,998,1000,1000,348,673,479,586,762,782,957,968
958,836,853,938,1000,999,999,1000,1000,499,564,710,878,785,812,885,1000
959,491,806,504,1000,999,999,1000,1000,531,652,614,970,772,774,959,1000
960,0,645,0,1000,999,999,1000,1000,371,667,687,548,751,780,855,1000
961,0,824,0,1000,999,999,1000,1000,590,650,740,994,731,789,814,999
962,542,548,894,999,999,999,1000,1000,399,603,770,632,812,813,990,997
963,492,808,508,1000,1000,1000,1000,1000,539,639,648,963,473,536,596,944
964,0,818,0,1000,1000,1000,1000,1000,550,603,784,909,703,759,797,999
965,583,587,938,1000,998,998,1000,1000,186,681,607,309,816,818,975,1000
966,747,754,964,997,1000,1000,1000,1000,184,612,801,291,683,684,930,1000
967,45,642,45,1000,1000,1000,1000,1000,474,593,730,782,609,816,620,991
968,518,529,935,972,1000,1000,1000,1000,530,680,607,938,777,782,959,1000
969,76,893,76,1000,1000,1000,1000,1000,535,619,809,882,504,504,838,999
970,772,856,979,910,999,999,1000,1000,524,621,751,838,532,532,866,998
971,394,659,416,1000,999,999,1000,1000,531,632,643,915,557,569,818,981
972,548,576,773,1000,998,998,1000,1000,548,607,709,981,757,776,966,962
973,0,893,0,999,1000,1000,1000,1000,558,603,761,955,811,820,955,1000
974,752,753,982,1000,1000,1000,1000,1000,443,676,541,764,557,601,840,900
975,763,767,964,1000,1000,1000,1000,1000,202,605,801,338,613,646,906,928
976,845,850,977,1000,999,999,1000,1000,537,613,806,889,794,821,890,1000
977,742,749,983,988,1000,1000,1000,1000,533,595,693,993,471,716,478,998
978,571,859,582,1000,999,999,1000,1000,353,646,398,709,755,755,976,1000
979,595,639,758,997,999,999,1000,1000,335,582,773,527,852,866,939,1000
980,842,844,991,1000,998,998,1000,1000,517,565,714,979,493,744,500,1000
981,0,895,0,1000,1000,1000,1000,1000,346,548,740,571,710,712,929,1000
982,601,640,764,1000,1000,1000,1000,1000,462,642,712,708,549,778,557,997
983,532,537,897,1000,999,999,1000,1000,525,588,691,961,871,877,974,999
984,493,809,507,1000,998,998,1000,1000,522,674,688,800,546,604,806,889
985,55,806,55,1000,1000,1000,1000,1000,561,618,836,898,637,704,744,1000
986,395,651,418,1000,999,999,1000,1000,283,617,750,434,821,842,916,1000
987,55,820,55,1000,1000,1000,1000,1000,592,674,736,945,418,672,427,989
988,847,850,980,1000,1000,1000,1000,1000,384,698,596,595,606,677,709,999
989,55,818,55,1000,1000,1000,1000,1000,217,645,397,378,829,869,886,1000
990,392,658,413,1000,999,999,1000,1000,415,595,754,673,737,748,913,1000
991,759,762,965,1000,999,999,1000,1000,305,696,483,506,626,626,938,1000
992,45,681,45,978,999,999,1000,1000,546,676,688,850,744,748,944,1000
993,736,739,979,997,999,999,1000,1000,304,682,492,495,829,833,975,1000
994,0,689,0,915,999,999,1000,1000,459,699,485,990,858,862,980,1000
995,540,546,899,1000,1000,1000,1000,1000,393,667,413,973,836,853,922,1000
996,0,644,0,1000,1000,1000,1000,1000,522,607,782,837,661,662,952,1000
997,78,902,78,1000,1000,1000,1000,1000,66,714,537,121,474,487,739,961
998,55,819,55,1000,1000,1000,1000,1000,535,580,784,894,431,458,802,902
999,0,669,0,1000,999,999,1000,1000,399,686,620,633,374,633,377,999
1000,606,627,839,1000,999,999,1000,1000,398,672,416,937,659,860,694,935
1001,610,634,835,1000,1000,1000,1000,1000,530,624,704,879,649,660,847,1000
1002,590,636,760,1000,999,999,1000,1000,604,674,733,993,456,460,746,1000
1003,556,585,778,1000,999,999,1000,1000,535,670,734,825,503,504,793,1000
1004,538,546,900,997,1000,1000,1000,1000,546,646,670,954,460,470,716,974
1005,789,888,899,916,999,999,1000,1000,485,690,543,852,521,571,652,995
1006,828,873,894,1000,999,999,1000,1000,527,648,614,975,607,608,917,1000
1007,55,823,55,1000,999,999,1000,1000,554,622,715,935,573,599,802,946
1008,54,817,54,1000,999,999,1000,1000,437,665,490,814,840,844,977,1000
1009,364,605,397,1000,1000,1000,1000,1000,327,670,741,484,470,471,835,984
1010,527,529,935,1000,1000,1000,1000,1000,519,596,832,856,712,770,806,1000
1011,592,594,938,1000,999,999,1000,1000,516,604,673,898,817,840,913,994
1012,56,814,56,1000,1000,1000,1000,1000,499,540,712,999,584,598,805,1000
1013,533,541,897,983,999,999,1000,1000,497,604,705,836,809,811,976,1000
1014,55,819,55,1000,999,999,1000,1000,466,621,712,737,454,561,830,769
1015,0,814,0,1000,999,999,1000,1000,309,675,492,512,852,887,905,1000
1016,852,871,938,1000,1000,1000,1000,1000,437,683,466,995,577,581,846,1000
1017,55,815,55,960,1000,1000,1000,1000,537,571,770,949,677,687,911,1000
1018,834,838,976,1000,999,999,1000,1000,508,613,693,845,842,877,904,1000
1019,577,577,965,1000,999,999,1000,1000,453,553,758,776,638,683,772,998
1020,726,794,834,1000,1000,1000,1000,1000,81,684,611,131,795,806,950,988
1021,596,642,757,1000,1000,1000,1000,1000,363,696,588,573,723,735,942,976
1022,76,890,76,998,999,999,1000,1000,599,669,751,955,617,637,820,1000
1023,760,763,967,1000,999,999,1000,1000,580,676,733,909,764,792,868,1000